===== mymethod Book1_Prop03 20260721-221925-17295e87 -> build Book1.Prop03.Main =====
✔ [786/819] Built Book1.Prop03.step6
✔ [787/819] Built Book1.Prop01.step6
✔ [788/819] Built Book1.Prop01.step8
✔ [789/819] Built Book1.Prop01.step9
✔ [790/819] Built Book1.Prop02.step1
✔ [791/819] Built Book1.Prop03.step4
✔ [792/819] Built Book1.Prop03.step5
✔ [793/819] Built Book1.Prop03.step1
✔ [794/819] Built Book1.Prop01.step5
✔ [795/819] Built Book1.Prop01.step1
✔ [796/819] Built Book1.Prop01.step2
✔ [797/819] Built Book1.Prop01.step7
✔ [798/819] Built Book1.Prop02.step11
✔ [799/819] Built Book1.Prop02.step13
✔ [800/819] Built Book1.Prop03.step2
✔ [801/819] Built Book1.Prop01.step4
✔ [802/819] Built Book1.Prop01.step10
✔ [803/819] Built Book1.Prop02.step3
✔ [804/819] Built Book1.Prop02.step4
✔ [805/819] Built Book1.Prop02.step5
✔ [806/819] Built Book1.Prop02.step6
✔ [807/819] Built Book1.Prop02.step7
✔ [808/819] Built Book1.Prop02.step8
✔ [809/819] Built Book1.Prop02.step9
✔ [810/819] Built Book1.Prop02.step10
✔ [811/819] Built Book1.Prop02.step12
✔ [812/819] Built Book1.Prop03.step3
✔ [813/819] Built Book1.Prop01.step3
✔ [814/819] Built Book1.Prop02.step2
✔ [815/819] Built Book1.Prop01.Main
✔ [816/819] Built Book1Variants.Prop01
✔ [817/819] Built Book1.Prop02.Main
✔ [818/819] Built Book1Variants.Prop02
✔ [819/819] Built Book1.Prop03.Main
Build completed successfully.
===== mymethod Book1_Prop03 20260721-231303-567ea705 -> build Book1.Prop03.Main =====
✔ [813/819] Built Book1.Prop03.step1
✔ [814/819] Built Book1.Prop03.step2
✔ [815/819] Built Book1.Prop03.step3
✔ [816/819] Built Book1.Prop03.step5
✔ [817/819] Built Book1.Prop03.step6
✔ [818/819] Built Book1.Prop03.step4
✔ [819/819] Built Book1.Prop03.Main
Build completed successfully.
===== mymethod Book1_Prop03 20260721-234406-c5a37b64 -> build Book1.Prop03.Main =====
✔ [816/819] Built Book1.Prop03.step1
✔ [817/819] Built Book1.Prop03.step3
✔ [818/819] Built Book1.Prop03.step4
✔ [819/819] Built Book1.Prop03.Main
Build completed successfully.
===== mymethod Book1_Prop06 20260721-231618-a7a67122 -> build Book1.Prop06.Main =====
✔ [813/845] Built Book1.Prop03.step2
✔ [814/845] Built Book1.Prop03.step1
✔ [815/845] Built Book1.Prop03.step3
✔ [816/845] Built Book1.Prop03.step4
✔ [817/845] Built Book1.Prop03.step5
✔ [818/845] Built Book1.Prop03.step6
✔ [819/845] Built Book1.Prop04.step4
✔ [820/845] Built Book1.Prop04.step1
✔ [821/845] Built Book1.Prop04.step11
✔ [822/845] Built Book1.Prop04.step7
✔ [823/845] Built Book1.Prop04.step9
✔ [824/845] Built Book1.Prop04.step8_assumption1
✔ [825/845] Built Book1.Prop04.step10
✔ [826/845] Built Book1.Prop04.step3
✔ [827/845] Built Book1.Prop04.step5
✔ [828/845] Built Book1.Prop04.step6
✔ [829/845] Built Book1.Prop04.step8
✔ [830/845] Built Book1.Prop06.step2
✔ [831/845] Built Book1.Prop04.step2
✔ [832/845] Built Book1.Prop06.step1
✔ [833/845] Built Book1.Prop06.step3
✔ [834/845] Built Book1.Prop06.step4
✔ [835/845] Built Book1.Prop06.step5
✔ [836/845] Built Book1.Prop06.step6
✔ [837/845] Built Book1.Prop06.step9
✔ [838/845] Built Book1.Prop06.step10
✔ [839/845] Built Book1.Prop06.step11
✔ [840/845] Built Book1.Prop06.swapfig
✔ [841/845] Built Book1.Prop03.Main
✔ [842/845] Built Book1.Prop04.Main
✔ [843/845] Built Book1.Prop06.step7
✔ [844/845] Built Book1.Prop06.step8
✔ [845/845] Built Book1.Prop06.Main
Build completed successfully.
===== mymethod Book1_Prop06 20260722-003012-c0626395 -> build Book1.Prop06.Main =====
✔ [833/845] Built Book1.Prop06.step1
✔ [834/845] Built Book1.Prop06.step2
✔ [835/845] Built Book1.Prop06.step3
✔ [836/845] Built Book1.Prop06.step4
✔ [837/845] Built Book1.Prop06.step5
✔ [838/845] Built Book1.Prop06.step10
✔ [839/845] Built Book1.Prop06.step11
✔ [840/845] Built Book1.Prop06.step9
✔ [841/845] Built Book1.Prop06.step6
✔ [842/845] Built Book1.Prop06.swapfig
✔ [843/845] Built Book1.Prop06.step8
✔ [844/845] Built Book1.Prop06.step7
✔ [845/845] Built Book1.Prop06.Main
Build completed successfully.
===== mymethod Book1_Prop06 20260722-011540-c975f507 -> build Book1.Prop06.Main =====
✔ [833/845] Built Book1.Prop06.step1
✔ [834/845] Built Book1.Prop06.step2
✔ [835/845] Built Book1.Prop06.step3
✔ [836/845] Built Book1.Prop06.step4
✔ [837/845] Built Book1.Prop06.step5
✔ [838/845] Built Book1.Prop06.step6
✔ [839/845] Built Book1.Prop06.step10
✔ [840/845] Built Book1.Prop06.step11
✔ [841/845] Built Book1.Prop06.step9
✔ [842/845] Built Book1.Prop06.swapfig
✔ [843/845] Built Book1.Prop06.step8
✔ [844/845] Built Book1.Prop06.step7
✔ [845/845] Built Book1.Prop06.Main
Build completed successfully.
===== mymethod Book1_Prop12 20260721-231618-8465ed69 -> build Book1.Prop12.Main =====
⚠ [843/945] Replayed Mathlib.Tactic.Linarith.Verification
warning: cached build log is corrupted: offset 1036: expected end of input
✔ [859/945] Built Book1.Prop05.step1
✔ [860/945] Built Book1.Prop05.step3
✔ [861/945] Built Book1.Prop05.step2
✔ [862/945] Built Book1.Prop05.step4
✔ [863/945] Built Book1.Prop05.step9
✔ [864/945] Built Book1.Prop05.step10
✔ [865/945] Built Book1.Prop05.step12
✔ [866/945] Built Book1.Prop05.step5
✔ [867/945] Built Book1.Prop05.step15
✔ [868/945] Built Book1.Prop05.step13
✔ [869/945] Built Book1.Prop05.step11
✔ [870/945] Built Book1.Prop05.step14
✔ [871/945] Built Book1.Prop05.step18
✔ [872/945] Built Book1.Prop05.step19
✔ [873/945] Built Book1.Prop05.step21
✔ [874/945] Built Book1.Prop05.step22
✔ [875/945] Built Book1.Prop07.step2
✔ [876/945] Built Book1.Prop07.step3
✔ [877/945] Built Book1.Prop05.step20
✔ [878/945] Built Book1.Prop05.step23
✔ [879/945] Built Book1.Prop07.step1
✔ [880/945] Built Book1.Prop07.step8
✔ [881/945] Built Book1.Prop07.step9
✔ [882/945] Built Book1.Prop08.step3
✔ [883/945] Built Book1.Prop08.step6
✔ [884/945] Built Book1.Prop07.step5_c2_s5
✔ [885/945] Built Book1.Prop08.step1
✔ [886/945] Built Book1.Prop08.step8
✔ [887/945] Built Book1.Prop08.step9
✔ [888/945] Built Book1.Prop09.step1
✔ [889/945] Built Book1.Prop08.step5
✔ [890/945] Built Book1.Prop05.step6
✔ [891/945] Built Book1.Prop08.step10
✔ [892/945] Built Book1.Prop09.step2
✔ [893/945] Built Book1.Prop09.step3
✔ [894/945] Built Book1.Prop09.step5
✔ [895/945] Built Book1.Prop09.step7
✔ [896/945] Built Book1.Prop09.hfa
✔ [897/945] Built Book1.Prop12.step1
✔ [898/945] Built Book1.Prop05.step8
✔ [899/945] Built Book1.Prop07.step5_c2_sumc
✔ [900/945] Built Book1.Prop09.step8
✔ [901/945] Built Book1.Prop10.step4
✔ [902/945] Built Book1.Prop10.hbet
✔ [903/945] Built Book1.Prop12.step2
✔ [904/945] Built Book1.Prop12.step3
✔ [905/945] Built Book1.Prop12.step7
✔ [906/945] Built Book1.Prop05.step17
✔ [907/945] Built Book1.Prop07.step5_c2_sum
✔ [908/945] Built Book1.Prop08.step4
✔ [909/945] Built Book1.Prop09.step4
✔ [910/945] Built Book1.Prop12.step6
✔ [911/945] Built Book1.Prop12.step9
✔ [912/945] Built Book1.Prop10.step2
✔ [913/945] Built Book1.Prop10.step5
✔ [914/945] Built Book1.Prop10.step1
✔ [915/945] Built Book1.Prop12.step4
✔ [916/945] Built Book1.Prop12.step10
✔ [917/945] Built Book1.Prop05.step7
✔ [918/945] Built Book1.Prop05.step16
✔ [919/945] Built Book1.Prop09.hangle
✔ [920/945] Built Book1.Prop10.step6
✔ [921/945] Built Book1.Prop07.step6
✔ [922/945] Built Book1.Prop12.step11
✔ [923/945] Built Book1.Prop05.Main
✔ [924/945] Built Book1Variants.Prop05
✔ [925/945] Built Book1.Prop07.step4
✔ [926/945] Built Book1.Prop07.step5_c1
✔ [927/945] Built Book1.Prop07.step5_c2_iso
✔ [928/945] Built Book1.Prop07.step7
✔ [929/945] Built Book1.Prop07.step5_c2
✔ [930/945] Built Book1.Prop09.step9_hfab
✔ [931/945] Built Book1.Prop07.step5_c3
✔ [932/945] Built Book1.Prop07.step5_c4
✔ [933/945] Built Book1.Prop07.step5
✔ [934/945] Built Book1.Prop07.Main
✔ [935/945] Built Book1.Prop08.step7
✔ [936/945] Built Book1.Prop08.step2_gd
✔ [937/945] Built Book1.Prop09.step9_hfac
✔ [938/945] Built Book1.Prop08.step2
✔ [939/945] Built Book1.Prop08.Main
✔ [940/945] Built Book1.Prop09.step9
✔ [941/945] Built Book1.Prop12.step8
✔ [942/945] Built Book1.Prop09.Main
✔ [943/945] Built Book1Variants.Prop09
✔ [944/945] Built Book1.Prop10.Main
✔ [945/945] Built Book1.Prop12.Main
Build completed successfully.
===== mymethod Book1_Prop12 20260722-001344-21eea484 -> build Book1.Prop12.Main =====
⚠ [843/945] Replayed Mathlib.Tactic.Linarith.Verification
warning: cached build log is corrupted: offset 1036: expected end of input
✔ [937/945] Built Book1.Prop12.step2
✔ [938/945] Built Book1.Prop12.step3
✔ [939/945] Built Book1.Prop12.step10
✔ [940/945] Built Book1.Prop12.step7
✔ [941/945] Built Book1.Prop12.step9
✔ [942/945] Built Book1.Prop12.step4
✔ [943/945] Built Book1.Prop12.step8
✔ [944/945] Built Book1.Prop12.step11
✔ [945/945] Built Book1.Prop12.Main
Build completed successfully.
===== mymethod Book1_Prop12 20260722-005123-b71b91c5 -> build Book1.Prop12.Main =====
⚠ [843/945] Replayed Mathlib.Tactic.Linarith.Verification
warning: cached build log is corrupted: offset 1036: expected end of input
✔ [936/945] Built Book1.Prop12.step1
✔ [937/945] Built Book1.Prop12.step2
✔ [938/945] Built Book1.Prop12.step3
✔ [939/945] Built Book1.Prop12.step7
✔ [940/945] Built Book1.Prop12.step10
✔ [941/945] Built Book1.Prop12.step9
✔ [942/945] Built Book1.Prop12.step4
✔ [943/945] Built Book1.Prop12.step8
✔ [944/945] Built Book1.Prop12.step11
✔ [945/945] Built Book1.Prop12.Main
Build completed successfully.
===== mymethod Book1_Prop18 20260721-231618-32b7f9f6 -> build Book1.Prop18.Main =====
⚠ [843/1001] Replayed Mathlib.Tactic.Linarith.Verification
warning: cached build log is corrupted: offset 1036: expected end of input
✔ [935/1001] Built Book1.Prop16.step1
✔ [936/1001] Built Book1.Prop16.step3
✔ [937/1001] Built Book1.Prop16.step5
✔ [938/1001] Built Book1.Prop16.step4
✔ [939/1001] Built Book1.Prop16.step6
✔ [940/1001] Built Book1.Prop16.step2
✔ [941/1001] Built Book1.Prop11.step2
✔ [942/1001] Built Book1.Prop11.step6
✔ [943/1001] Built Book1.Prop11.step1
✔ [944/1001] Built Book1.Prop11.step4
✔ [945/1001] Built Book1.Prop11.step7
✔ [946/1001] Built Book1.Prop11.step9
✔ [947/1001] Built Book1.Prop11.step11
✔ [948/1001] Built Book1.Prop13.step1
✔ [949/1001] Built Book1.Prop11.step3_foff
✔ [950/1001] Built Book1.Prop13.step2
✔ [951/1001] Built Book1.Prop13.step3
✔ [952/1001] Built Book1.Prop13.step5
✔ [953/1001] Built Book1.Prop13.step7
✔ [954/1001] Built Book1.Prop11.step8_tri1
✔ [955/1001] Built Book1.Prop13.step4
✔ [956/1001] Built Book1.Prop13.step10
✔ [957/1001] Built Book1.Prop11.step8_tri2
✔ [958/1001] Built Book1.Prop13.step6
✔ [959/1001] Built Book1.Prop13.step9
✔ [960/1001] Built Book1.Prop13.step11
✔ [961/1001] Built Book1.Prop15.step3
✔ [962/1001] Built Book1.Prop11.hperp
✔ [963/1001] Built Book1.Prop13.step8
✔ [964/1001] Built Book1.Prop15.step4
✔ [965/1001] Built Book1.Prop15.step5
✔ [966/1001] Built Book1.Prop16.step11
✔ [967/1001] Built Book1.Prop18.step1
✔ [968/1001] Built Book1.Prop16.step13
✔ [969/1001] Built Book1.Prop16.h1
✔ [970/1001] Built Book1.Prop18.step2
✔ [971/1001] Built Book1.Prop11.step10_foff
✔ [972/1001] Built Book1.Prop11.hfAB
✔ [973/1001] Built Book1.Prop13.step12
✔ [974/1001] Built Book1.Prop15.h2
✔ [975/1001] Built Book1.Prop18.step5
✔ [976/1001] Built Book1.Prop15.step6
✔ [977/1001] Built Book1.Prop18.step4_tri
✔ [978/1001] Built Book1.Prop13.step4_assumption1
✔ [979/1001] Built Book1.Prop15.h1
✔ [980/1001] Built Book1.Prop16.h2
✔ [981/1001] Built Book1.Prop18.step6
✔ [982/1001] Built Book1.Prop16.step8
✔ [983/1001] Built Book1.Prop16.step9
✔ [984/1001] Built Book1.Prop16.step10
✔ [985/1001] Built Book1.Prop11.step8
✔ [986/1001] Built Book1.Prop18.step4
✔ [987/1001] Built Book1.Prop11.step3
✔ [988/1001] Built Book1.Prop11.step10
✔ [989/1001] Built Book1.Prop16.step12
✔ [990/1001] Built Book1.Prop11.Main
✔ [991/1001] Built Book1Variants.Prop11
✔ [992/1001] Built Book1.Prop13.Main
✔ [993/1001] Built Book1.Prop15.step7
✔ [994/1001] Built Book1.Prop15.step1
✔ [995/1001] Built Book1.Prop15.step2
✔ [996/1001] Built Book1.Prop15.Main
✔ [997/1001] Built Book1.Prop16.step7
✔ [998/1001] Built Book1.Prop16.step14
✔ [999/1001] Built Book1.Prop16.Main
✔ [1000/1001] Built Book1.Prop18.step3
✔ [1001/1001] Built Book1.Prop18.Main
Build completed successfully.
===== mymethod Book1_Prop18 20260722-002512-978a1f0d -> build Book1.Prop18.Main =====
⚠ [843/1000] Replayed Mathlib.Tactic.Linarith.Verification
warning: cached build log is corrupted: offset 1036: expected end of input
✔ [994/1000] Built Book1.Prop18.step1
✔ [995/1000] Built Book1.Prop18.step2
✔ [996/1000] Built Book1.Prop18.step6
✔ [997/1000] Built Book1.Prop18.step4
✔ [998/1000] Built Book1.Prop18.step5
✔ [999/1000] Built Book1.Prop18.step3
✔ [1000/1000] Built Book1.Prop18.Main
Build completed successfully.
===== mymethod Book1_Prop18 20260722-005125-3d9bb45a -> build Book1.Prop18.Main =====
⚠ [843/1000] Replayed Mathlib.Tactic.Linarith.Verification
warning: cached build log is corrupted: offset 1036: expected end of input
✔ [994/1000] Built Book1.Prop18.step1
✔ [995/1000] Built Book1.Prop18.step2
✔ [996/1000] Built Book1.Prop18.step4
✔ [997/1000] Built Book1.Prop18.step5
✔ [998/1000] Built Book1.Prop18.step6
✔ [999/1000] Built Book1.Prop18.step3
✔ [1000/1000] Built Book1.Prop18.Main
Build completed successfully.
===== mymethod Book1_Prop20 20260720-133309-0d986ee2 -> build Book1.Prop20.Main =====
⚠ [843/1022] Replayed Mathlib.Tactic.Linarith.Verification
warning: cached build log is corrupted: offset 1036: expected end of input
✔ [994/1022] Built Book1.Prop20.step2
✔ [995/1022] Built Book1.Prop20.step1
✔ [996/1022] Built Book1.Prop20.step3
✔ [997/1022] Built Book1.Prop19.step1
✔ [998/1022] Built Book1.Prop19.step5
✔ [999/1022] Built Book1.Prop19.step4
✔ [1000/1022] Built Book1.Prop19.step3
✔ [1001/1022] Built Book1.Prop18.step1
✔ [1002/1022] Built Book1.Prop19.step10
✔ [1003/1022] Built Book1.Prop18.step2
✔ [1004/1022] Built Book1.Prop19.step8
✔ [1005/1022] Built Book1.Prop19.step9
✔ [1006/1022] Built Book1.Prop19.step11
✔ [1007/1022] Built Book1.Prop18.step5
✔ [1008/1022] Built Book1.Prop20.step7
✔ [1009/1022] Built Book1.Prop20.step4
✔ [1010/1022] Built Book1.Prop20.step8
✔ [1011/1022] Built Book1.Prop18.step4
✔ [1012/1022] Built Book1.Prop20.step5
✔ [1013/1022] Built Book1.Prop18.step3
✔ [1014/1022] Built Book1.Prop18.step6
✔ [1015/1022] Built Book1.Prop18.Main
✔ [1016/1022] Built Book1.Prop19.step7
✔ [1017/1022] Built Book1.Prop19.Main
✔ [1018/1022] Built Book1.Prop20.step6
✔ [1019/1022] Built Book1.Prop20.step9_triineq
✔ [1020/1022] Built Book1.Prop20.step10
✔ [1021/1022] Built Book1.Prop20.step9
✔ [1022/1022] Built Book1.Prop20.Main
Build completed successfully.
===== mymethod Book1_Prop20 20260720-141502-9d5733b4 -> build Book1.Prop20.Main =====
⚠ [844/1027] Replayed Mathlib.Tactic.Linarith.Verification
warning: cached build log is corrupted: offset 1036: expected end of input
✔ [1013/1027] Built Book1.Prop20.step1
✔ [1014/1027] Built Book1.Prop20.step3
✔ [1015/1027] Built Book1.Prop20.step8
✔ [1016/1027] Built Book1.Prop20.step4
✔ [1017/1027] Built Book1.Prop20.step5
✔ [1018/1027] Built Book1.Prop20.step9_iso
✔ [1019/1027] Built Book1.Prop20.step10_iso
✔ [1020/1027] Built Book1.Prop20.step9_gt
✔ [1021/1027] Built Book1.Prop20.step10_gt
✔ [1022/1027] Built Book1.Prop20.step6
✔ [1023/1027] Built Book1.Prop20.step10_big
✔ [1024/1027] Built Book1.Prop20.step9_big
✔ [1025/1027] Built Book1.Prop20.step9
✔ [1026/1027] Built Book1.Prop20.step10
✔ [1027/1027] Built Book1.Prop20.Main
Build completed successfully.
===== mymethod Book1_Prop20 20260720-150928-aabdd8cb -> build Book1.Prop20.Main =====
⚠ [844/1034] Replayed Mathlib.Tactic.Linarith.Verification
warning: cached build log is corrupted: offset 1036: expected end of input
✔ [1013/1034] Built Book1.Prop20.step3
✔ [1014/1034] Built Book1.Prop20.step1
✔ [1015/1034] Built Book1.Prop20.step6_hdab
✔ [1016/1034] Built Book1.Prop20.step6_hbdc
✔ [1017/1034] Built Book1.Prop20.step9_triineq_side_hdpq
✔ [1018/1034] Built Book1.Prop20.step6_hcab
✔ [1019/1034] Built Book1.Prop20.step8
✔ [1020/1034] Built Book1.Prop20.step9_triineq_qpd
✔ [1021/1034] Built Book1.Prop20.step4
✔ [1022/1034] Built Book1.Prop20.step5
✔ [1023/1034] Built Book1.Prop20.step9_triineq_side_hrpq
✔ [1024/1034] Built Book1.Prop20.step9_triineq_side_hqdr
✔ [1025/1034] Built Book1.Prop20.step9_triineq_base
✔ [1026/1034] Built Book1.Prop20.step9_triineq_gt1
✔ [1027/1034] Built Book1.Prop20.step6_form
✔ [1028/1034] Built Book1.Prop20.step9_triineq_side_form
✔ [1029/1034] Built Book1.Prop20.step6
✔ [1030/1034] Built Book1.Prop20.step9_triineq_side
✔ [1031/1034] Built Book1.Prop20.step9_triineq
✔ [1032/1034] Built Book1.Prop20.step9
✔ [1033/1034] Built Book1.Prop20.step10
✔ [1034/1034] Built Book1.Prop20.Main
Build completed successfully.
===== mymethod Book1_Prop27 20260721-231618-37a03924 -> build Book1.Prop27.Main =====
⚠ [843/1002] Replayed Mathlib.Tactic.Linarith.Verification
warning: cached build log is corrupted: offset 1036: expected end of input
✔ [994/1002] Built Book1.Prop27.step2
✔ [995/1002] Built Book1.Prop27.step1
✔ [996/1002] Built Book1.Prop27.step3
✔ [997/1002] Built Book1.Prop27.step5
✔ [998/1002] Built Book1.Prop27.step7
✔ [999/1002] Built Book1.Prop27.step8
✔ [1000/1002] Built Book1.Prop27.step6
✔ [1001/1002] Built Book1.Prop27.step4
✔ [1002/1002] Built Book1.Prop27.Main
Build completed successfully.
===== mymethod Book1_Prop27 20260722-000926-8b4456b3 -> build Book1.Prop27.Main =====
⚠ [843/1002] Replayed Mathlib.Tactic.Linarith.Verification
warning: cached build log is corrupted: offset 1036: expected end of input
✔ [994/1002] Built Book1.Prop27.step2
✔ [995/1002] Built Book1.Prop27.step7
✔ [996/1002] Built Book1.Prop27.step1
✔ [997/1002] Built Book1.Prop27.step3
✔ [998/1002] Built Book1.Prop27.step5
✔ [999/1002] Built Book1.Prop27.step8
✔ [1000/1002] Built Book1.Prop27.step4
✔ [1001/1002] Built Book1.Prop27.step6
✔ [1002/1002] Built Book1.Prop27.Main
Build completed successfully.
===== mymethod Book1_Prop27 20260722-005050-abe401f0 -> build Book1.Prop27.Main =====
⚠ [843/1002] Replayed Mathlib.Tactic.Linarith.Verification
warning: cached build log is corrupted: offset 1036: expected end of input
✔ [994/1002] Built Book1.Prop27.step2
✔ [995/1002] Built Book1.Prop27.step1
✔ [996/1002] Built Book1.Prop27.step5
✔ [997/1002] Built Book1.Prop27.step3
✔ [998/1002] Built Book1.Prop27.step7
✔ [999/1002] Built Book1.Prop27.step8
✔ [1000/1002] Built Book1.Prop27.step4
✔ [1001/1002] Built Book1.Prop27.step6
✔ [1002/1002] Built Book1.Prop27.Main
Build completed successfully.
===== mymethod Book1_Prop30 20260720-175026-82c96962 -> build Book1.Prop30.Main =====
⚠ [847/1030] Replayed Mathlib.Tactic.Linarith.Verification
warning: cached build log is corrupted: offset 1036: expected end of input
✔ [994/1030] Built Book1.Prop30.step4
✔ [995/1030] Built Book1.Prop30.step1
✔ [996/1030] Built Book1.Prop29.step11
✔ [997/1030] Built Book1.Prop29.step15
✔ [998/1030] Built Book1.Prop29.step9
✔ [999/1030] Built Book1.Prop29.step13
✔ [1000/1030] Built Book1.Prop29.step1
✔ [1001/1030] Built Book1.Prop29.step8
✔ [1002/1030] Built Book1.Prop29.step10
✔ [1003/1030] Built Book1.Prop30.step5
✔ [1004/1030] Built Book1.Prop29.step2
✔ [1005/1030] Built Book1.Prop29.step3
✔ [1006/1030] Built Book1.Prop29.step4
✔ [1007/1030] Built Book1.Prop27.step2
✔ [1008/1030] Built Book1.Prop27.step7
✔ [1009/1030] Built Book1.Prop29.step6
✔ [1010/1030] Built Book1.Prop29.step14
✔ [1011/1030] Built Book1.Prop29.step17
✔ [1012/1030] Built Book1.Prop27.step1
✔ [1013/1030] Built Book1.Prop27.step5
✔ [1014/1030] Built Book1.Prop27.step8
✔ [1015/1030] Built Book1.Prop29.step5
✔ [1016/1030] Built Book1.Prop30.step6
✔ [1017/1030] Built Book1.Prop29.step16
✔ [1018/1030] Built Book1.Prop27.step3
✔ [1019/1030] Built Book1.Prop30.step7_othercases
✔ [1020/1030] Built Book1.Prop29.step12
✔ [1021/1030] Built Book1.Prop29.step7
✔ [1022/1030] Built Book1.Prop27.step6
✔ [1023/1030] Built Book1.Prop27.step4
✔ [1024/1030] Built Book1.Prop27.Main
✔ [1025/1030] Built Book1.Prop30.step7
✔ [1026/1030] Built Book1.Prop29.hreduction
✔ [1027/1030] Built Book1.Prop29.Main
✔ [1028/1030] Built Book1.Prop30.step2
✔ [1029/1030] Built Book1.Prop30.step3
✔ [1030/1030] Built Book1.Prop30.Main
Build completed successfully.
===== mymethod Book1_Prop30 20260720-183241-470b9f31 -> build Book1.Prop30.Main =====
⚠ [847/1046] Replayed Mathlib.Tactic.Linarith.Verification
warning: cached build log is corrupted: offset 1036: expected end of input
✔ [1022/1046] Built Book1.Prop30.step4
✔ [1023/1046] Built Book1.Prop30.step5
✔ [1024/1046] Built Book1.Prop30.step1
✔ [1025/1046] Built Book1.Prop30.step7_othercases_ghne
✔ [1026/1046] Built Book1.Prop30.step7_othercases_hkne
✔ [1027/1046] Built Book1.Prop30.step7_othercases_cdgk
✔ [1028/1046] Built Book1.Prop30.step6
✔ [1029/1046] Built Book1.Prop30.step7_othercases_abgk
✔ [1030/1046] Built Book1.Prop30.step7_othercases_efgk
✔ [1031/1046] Built Book1.Prop30.step7_othercases_aoff
✔ [1032/1046] Built Book1.Prop30.step7_othercases_coff
✔ [1033/1046] Built Book1.Prop30.step7_othercases_doff
✔ [1034/1046] Built Book1.Prop30.step7_othercases_foff
✔ [1035/1046] Built Book1.Prop30.step7_othercases_hhf
✔ [1036/1046] Built Book1.Prop30.step7
✔ [1037/1046] Built Book1.Prop30.step7_othercases_cases
✔ [1038/1046] Built Book1.Prop30.step7_othercases_opp
✔ [1039/1046] Built Book1.Prop30.step2
✔ [1040/1046] Built Book1.Prop30.step7_othercases_angG
✔ [1041/1046] Built Book1.Prop30.step3
✔ [1042/1046] Built Book1.Prop30.step7_othercases_angK
✔ [1043/1046] Built Book1.Prop30.step7_othercases_ang2
✔ [1044/1046] Built Book1.Prop30.step7_othercases_ang1
✔ [1045/1046] Built Book1.Prop30.step7_othercases
✔ [1046/1046] Built Book1.Prop30.Main
Build completed successfully.
===== mymethod Book1_Prop30 20260720-195658-7f71e75a -> build Book1.Prop30.Main =====
⚠ [847/1030] Replayed Mathlib.Tactic.Linarith.Verification
warning: cached build log is corrupted: offset 1036: expected end of input
✔ [1022/1030] Built Book1.Prop30.step4
✔ [1023/1030] Built Book1.Prop30.step5
✔ [1024/1030] Built Book1.Prop30.step1
✔ [1025/1030] Built Book1.Prop30.step7_othercases
✔ [1026/1030] Built Book1.Prop30.step6
✔ [1027/1030] Built Book1.Prop30.step7
✔ [1028/1030] Built Book1.Prop30.step2
✔ [1029/1030] Built Book1.Prop30.step3
✔ [1030/1030] Built Book1.Prop30.Main
Build completed successfully.
===== mymethod Book1_Prop36 20260720-175026-76138fa1 -> build Book1.Prop36.Main =====
⚠ [796/1119] Replayed Mathlib.Tactic.Linarith.Verification
warning: cached build log is corrupted: offset 1036: expected end of input
✔ [1022/1119] Built Book1.Prop36.step1
✔ [1023/1119] Built Book1.Prop26.step1
✔ [1024/1119] Built Book1.Prop26.step3
✔ [1025/1119] Built Book1.Prop26.step13
✔ [1026/1119] Built Book1.Prop26.step25
✔ [1027/1119] Built Book1.Prop26.step16
✔ [1028/1119] Built Book1.Prop26.step24
✔ [1029/1119] Built Book1.Prop26.step14
✔ [1030/1119] Built Book1.Prop26.step2
✔ [1031/1119] Built Book1.Prop26.step19
✔ [1032/1119] Built Book1.Prop26.step26
✔ [1033/1119] Built Book1.Prop26.step8
✔ [1034/1119] Built Book1.Prop26.step10
✔ [1035/1119] Built Book1.Prop26.step12
✔ [1036/1119] Built Book1.Prop26.step15
✔ [1037/1119] Built Book1.Prop26.step9
✔ [1038/1119] Built Book1.Prop26.step31
✔ [1039/1119] Built Book1.Prop26.step32
✔ [1040/1119] Built Book1.Prop26.step33
✔ [1041/1119] Built Book1.Prop34.step3
✔ [1042/1119] Built Book1.Prop26.step35
✔ [1043/1119] Built Book1.Prop26.step11
✔ [1044/1119] Built Book1.Prop26.step36
✔ [1045/1119] Built Book1.Prop26.step37
✔ [1046/1119] Built Book1.Prop26.step38
✔ [1047/1119] Built Book1.Prop26.step4
✔ [1048/1119] Built Book1.Prop26.step39
✔ [1049/1119] Built Book1.Prop34.step5
✔ [1050/1119] Built Book1.Prop34.step6
✔ [1051/1119] Built Book1.Prop34.step7
✔ [1052/1119] Built Book1.Prop36.step9
✔ [1053/1119] Built Book1.Prop36.step3
✔ [1054/1119] Built Book1.Prop33.step9
✔ [1055/1119] Built Book1.Prop34.step9
✔ [1056/1119] Built Book1.Prop34.step10
✔ [1057/1119] Built Book1.Prop34.step13
✔ [1058/1119] Built Book1.Prop36.step4
✔ [1059/1119] Built Book1.Prop36.step5_ss
✔ [1060/1119] Built Book1.Prop35.step3
✔ [1061/1119] Built Book1.Prop35.step5
✔ [1062/1119] Built Book1.Prop35.step7
✔ [1063/1119] Built Book1.Prop35.step11
✔ [1064/1119] Built Book1Variants.Prop29
✔ [1065/1119] Built Book1.Prop34.step8
✔ [1066/1119] Built Book1.Prop34.step12
✔ [1067/1119] Built Book1.Prop34.step14
✔ [1068/1119] Built Book1.Prop34.step16
✔ [1069/1119] Built Book1.Prop33.step3
✔ [1070/1119] Built Book1.Prop33.hAC_BD
✔ [1071/1119] Built Book1.Prop35.step4
✔ [1072/1119] Built Book1.Prop35.step13
✔ [1073/1119] Built Book1.Prop26.step5
✔ [1074/1119] Built Book1.Prop26.step7
✔ [1075/1119] Built Book1.Prop26.step27
✔ [1076/1119] Built Book1.Prop34.step15
✔ [1077/1119] Built Book1.Prop33.step1
✔ [1078/1119] Built Book1.Prop33.step4
✔ [1079/1119] Built Book1.Prop33.step5
✔ [1080/1119] Built Book1.Prop33.step6
✔ [1081/1119] Built Book1.Prop33.step7
✔ [1082/1119] Built Book1.Prop33.step8
✔ [1083/1119] Built Book1.Prop35.step9
✔ [1084/1119] Built Book1.Prop35.step10
✔ [1085/1119] Built Book1.Prop35.step14
✔ [1086/1119] Built Book1.Prop26.step6
✔ [1087/1119] Built Book1.Prop26.step17
✔ [1088/1119] Built Book1.Prop26.step18
✔ [1089/1119] Built Book1.Prop26.step28
✔ [1090/1119] Built Book1.Prop26.step29
✔ [1091/1119] Built Book1.Prop26.step30
✔ [1092/1119] Built Book1.Prop26.step34
✔ [1093/1119] Built Book1.Prop26.step40
✔ [1094/1119] Built Book1.Prop26.step41
✔ [1095/1119] Built Book1.Prop26.step42
✔ [1096/1119] Built Book1.Prop26.h_sym
✔ [1097/1119] Built Book1.Prop26.h_sym2
✔ [1098/1119] Built Book1.Prop36.step6
✔ [1099/1119] Built Book1.Prop35.step12
✔ [1100/1119] Built Book1.Prop33.step2
✔ [1101/1119] Built Book1.Prop34.step1
✔ [1102/1119] Built Book1.Prop34.step2
✔ [1103/1119] Built Book1.Prop35.step8
✔ [1104/1119] Built Book1.Prop33.Main
✔ [1105/1119] Built Book1.Prop26.Main
✔ [1106/1119] Built Book1.Prop36.step5
✔ [1107/1119] Built Book1.Prop34.step4
✔ [1108/1119] Built Book1.Prop34.Main
✔ [1109/1119] Built Book1.Prop36.step2_assumption2
✔ [1110/1119] Built Book1Variants.Prop34
✔ [1111/1119] Built Book1.Prop36.step2
✔ [1112/1119] Built Book1.Prop35.step6
✔ [1113/1119] Built Book1.Prop35.step2
✔ [1114/1119] Built Book1.Prop35.step1
✔ [1115/1119] Built Book1.Prop35.Main
✔ [1116/1119] Built Book1Variants.Prop35
✔ [1117/1119] Built Book1.Prop36.step7
✔ [1118/1119] Built Book1.Prop36.step8
✔ [1119/1119] Built Book1.Prop36.Main
Build completed successfully.
===== mymethod Book1_Prop36 20260720-191808-2f65ff60 -> build Book1.Prop36.Main =====
⚠ [843/1119] Replayed Mathlib.Tactic.Linarith.Verification
warning: cached build log is corrupted: offset 1036: expected end of input
✔ [1108/1119] Built Book1.Prop36.step1
✔ [1109/1119] Built Book1.Prop36.step3
✔ [1110/1119] Built Book1.Prop36.step9
✔ [1111/1119] Built Book1.Prop36.step4
✔ [1112/1119] Built Book1.Prop36.step2_assumption2
✔ [1113/1119] Built Book1.Prop36.step2
✔ [1114/1119] Built Book1.Prop36.step7
✔ [1115/1119] Built Book1.Prop36.step8
✔ [1116/1119] Built Book1.Prop36.step5_ss
✔ [1117/1119] Built Book1.Prop36.step6
✔ [1118/1119] Built Book1.Prop36.step5
✔ [1119/1119] Built Book1.Prop36.Main
Build completed successfully.
===== mymethod Book1_Prop36 20260722-111741-2c7a7384 -> build Book1.Prop36.Main =====
⚠ [796/1118] Replayed Mathlib.Tactic.Linarith.Verification
warning: cached build log is corrupted: offset 1036: expected end of input
✔ [1108/1118] Built Book1.Prop36.step1
✔ [1109/1118] Built Book1.Prop36.step3
✔ [1110/1118] Built Book1.Prop36.step9
✔ [1111/1118] Built Book1.Prop36.step4
✔ [1112/1118] Built Book1.Prop36.step2
✔ [1113/1118] Built Book1.Prop36.step2_assumption2
✔ [1114/1118] Built Book1.Prop36.step7
✔ [1115/1118] Built Book1.Prop36.step5
✔ [1116/1118] Built Book1.Prop36.step6
✔ [1117/1118] Built Book1.Prop36.step8
✔ [1118/1118] Built Book1.Prop36.Main
Build completed successfully.
===== mymethod Book1_Prop45 20260720-175026-5753a172 -> build Book1.Prop45.Main =====
⚠ [843/1338] Replayed Mathlib.Tactic.Linarith.Verification
warning: cached build log is corrupted: offset 1036: expected end of input
✔ [935/1338] Built Book1.Prop20.step1
✔ [936/1338] Built Book1.Prop20.step2
✔ [937/1338] Built Book1.Prop20.step3
✔ [938/1338] Built Book1.Prop20.step4
✔ [1015/1338] Built Book1.Prop20.step7
✔ [1016/1338] Built Book1.Prop20.step8
✔ [1017/1338] Built Book1.Prop22.step1
✔ [1018/1338] Built Book1.Prop22.step2
✔ [1019/1338] Built Book1.Prop22.step3
✔ [1020/1338] Built Book1.Prop22.step4
✔ [1021/1338] Built Book1.Prop22.step5
✔ [1022/1338] Built Book1.Prop22.step6
✔ [1023/1338] Built Book1.Prop22.step7
✔ [1024/1338] Built Book1.Prop22.step9
✔ [1025/1338] Built Book1.Prop22.step10
✔ [1026/1338] Built Book1.Prop22.step11
✔ [1027/1338] Built Book1.Prop22.step12
✔ [1028/1338] Built Book1.Prop22.step13
✔ [1029/1338] Built Book1.Prop22.step14
✔ [1030/1338] Built Book1.Prop22.step15
✔ [1031/1338] Built Book1.Prop22.step16
✔ [1032/1338] Built Book1.Prop22.hgoal1
✔ [1147/1338] Built Book1.Prop22.hgoal2
✔ [1148/1338] Built Book1.Prop22.hgoal3
✔ [1149/1338] Built Book1.Prop20.step5
✔ [1150/1338] Built Book1.Prop22.hcut
✔ [1151/1338] Built Book1.Prop20.step6
✔ [1152/1338] Built Book1.Prop38.step1
✔ [1153/1338] Built Book1.Prop31.step1
✔ [1154/1338] Built Book1.Prop31.step4
✔ [1155/1338] Built Book1.Prop38.step3
✔ [1156/1338] Built Book1.Prop36.step3
✔ [1157/1338] Built Book1.Prop38.step2
✔ [1158/1338] Built Book1.Prop36.step4
✔ [1159/1338] Built Book1.Prop31.step3
✔ [1160/1338] Built Book1.Prop36.step1
✔ [1161/1338] Built Book1.Prop41.step1
✔ [1162/1338] Built Book1.Prop31.step2
✔ [1163/1338] Built Book1.Prop31.step5_opp
✔ [1164/1338] Built Helpers.SameSide
✔ [1165/1338] Built Book1.Prop41.step4
✔ [1166/1338] Built Helpers.Pasch
✔ [1167/1338] Built Book1.Prop30.step1
✔ [1168/1338] Built Book1.Prop30.step4
✔ [1169/1338] Built Book1.Prop30.step5
✔ [1170/1338] Built Book1.Prop30.step7_othercases_c2_ang
✔ [1171/1338] Built Book1.Prop23.step3
✔ [1172/1338] Built Book1.Prop36.step5_ss_ssa
✔ [1173/1338] Built Book1.Prop36.step9
✔ [1174/1338] Built Book1.Prop23.step4
✔ [1175/1338] Built Book1.Prop36.step5_ss
✔ [1176/1338] Built Book1.Prop38.step8
✔ [1177/1338] Built Book1.Prop38.step9
✔ [1178/1338] Built Book1.Prop30.step7_othercases_c3_ang
✔ [1179/1338] Built Book1.Prop36.step6_ss
✔ [1180/1338] Built Helpers.OffLine
✔ [1181/1338] Built Book1.Prop30.step6
✔ [1182/1338] Built Book1.Prop43.step4
✔ [1183/1338] Built Book1.Prop23.step1
✔ [1184/1338] Built Book1.Prop23.step2_hfoff
✔ [1185/1338] Built Book1.Prop23.step5
✔ [1186/1338] Built Book1.Prop36.step6_ss_ssa
✔ [1187/1338] Built Book1.Prop38.step6
✔ [1188/1338] Built Book1.Prop23.hfoff
✔ [1189/1338] Built Book1.Prop23.hfa
✔ [1190/1338] Built Book1.Prop36.step2_assumption2
✔ [1191/1338] Built Book1.Prop36.step5_ss_ssb
✔ [1192/1338] Built Book1.Prop36.step6_ss_ssb
✔ [1193/1338] Built Book1.Prop41.step3
✔ [1194/1338] Built Book1.Prop42.step1
✔ [1195/1338] Built Book1.Prop42.step4
✔ [1196/1338] Built Book1.Prop43.step5
✔ [1197/1338] Built Book1.Prop43.step6_d_side_par
✔ [1198/1338] Built Book1.Prop23.hangle
✔ [1199/1338] Built Book1.Prop36.step7
✔ [1200/1338] Built Book1.Prop37.step2
✔ [1201/1338] Built Book1.Prop42.step6_par
✔ [1202/1338] Built Book1.Prop43.step6_b_side_par
✔ [1203/1338] Built Book1.Prop44.step4
✔ [1204/1338] Built Book1.Prop23.step6
✔ [1205/1338] Built Book1.Prop37.step1_dae
✔ [1206/1338] Built Book1.Prop37.step1_adf
✔ [1207/1338] Built Book1.Prop37.step3
✔ [1208/1338] Built Book1.Prop37.step4
✔ [1209/1338] Built Book1.Prop37.step5
✔ [1210/1338] Built Book1.Prop37.step8
✔ [1211/1338] Built Book1.Prop37.step9
✔ [1212/1338] Built Book1.Prop41.step3_assumption1
✔ [1213/1338] Built Book1.Prop42.step2
✔ [1214/1338] Built Book1.Prop42.step3
✔ [1215/1338] Built Book1.Prop42.step5
✔ [1216/1338] Built Book1.Prop42.step6_dptcg
✔ [1217/1338] Built Book1.Prop30.step7_othercases_opp
✔ [1218/1338] Built Book1.Prop44.step1
✔ [1219/1338] Built Book1.Prop44.step2
✔ [1220/1338] Built Book1.Prop44.step9
✔ [1221/1338] Built Book1.Prop37.step6
✔ [1222/1338] Built Book1.Prop42.step6_ebc
✔ [1223/1338] Built Book1.Prop44.step5
✔ [1224/1338] Built Book1.Prop44.step10
✔ [1225/1338] Built Book1.Prop37.step7
✔ [1226/1338] Built Book1.Prop42.step8
✔ [1227/1338] Built Book1.Prop42.step10
✔ [1228/1338] Built Book1.Prop30.step7
✔ [1229/1338] Built Book1.Prop30.step7_othercases_c2_ang1
✔ [1230/1338] Built Book1.Prop30.step7_othercases_c3
✔ [1231/1338] Built Book1.Prop43.step6_betw_akc
✔ [1232/1338] Built Book1.Prop43.step6_betw_dfc
✔ [1233/1338] Built Book1.Prop44.step8
✔ [1234/1338] Built Book1.Prop20.step10
✔ [1235/1338] Built Book1.Prop30.step2
✔ [1236/1338] Built Book1.Prop30.step3
✔ [1237/1338] Built Book1.Prop30.step7_othercases_c2_ang2
✔ [1238/1338] Built Book1.Prop30.step7_othercases_c2
✔ [1239/1338] Built Book1.Prop30.step7_othercases_c3_ang1
✔ [1240/1338] Built Book1.Prop30.step7_othercases_c3_ang2
✔ [1241/1338] Built Book1.Prop44.step11
✔ [1242/1338] Built Book1.Prop44.step13_lnek
✔ [1243/1338] Built Book1.Prop44.step13_hsg
✔ [1244/1338] Built Book1.Prop44.step18
✔ [1245/1338] Built Book1.Prop44.step19
✔ [1246/1338] Built Book1.Prop45.step2
✔ [1247/1338] Built Book1.Prop45.step5
✔ [1248/1338] Built Book1.Prop20.step9
✔ [1249/1338] Built Book1.Prop45.step8
✔ [1250/1338] Built Book1.Prop43.step2
✔ [1251/1338] Built Book1.Prop45.step3
✔ [1252/1338] Built Book1.Prop45.step4
✔ [1253/1338] Built Book1.Prop45.step6
✔ [1254/1338] Built Book1.Prop45.step9
✔ [1255/1338] Built Book1.Prop14.step1
✔ [1256/1338] Built Book1.Prop14.step10
✔ [1257/1338] Built Book1.Prop36.step8
✔ [1258/1338] Built Book1.Prop43.step1
✔ [1259/1338] Built Book1.Prop43.step3
✔ [1260/1338] Built Book1.Prop45.step1
✔ [1261/1338] Built Book1.Prop14.step6
✔ [1262/1338] Built Book1.Prop45.step12
✔ [1263/1338] Built Book1.Prop45.step13
✔ [1264/1338] Built Book1.Prop45.step15
✔ [1265/1338] Built Book1.Prop44.step15
✔ [1266/1338] Built Book1.Prop14.step3
✔ [1267/1338] Built Book1.Prop43.step6_betw_aeb
✔ [1268/1338] Built Book1.Prop44.step6
✔ [1269/1338] Built Book1.Prop14.step5
✔ [1270/1338] Built Book1.Prop14.step4
✔ [1271/1338] Built Book1.Prop45.step18
✔ [1272/1338] Built Book1.Prop44.step20
✔ [1273/1338] Built Book1.Prop43.step6_d_side
✔ [1274/1338] Built Book1.Prop43.step6_b_side
✔ [1275/1338] Built Book1.Prop44.step16
✔ [1276/1338] Built Book1.Prop44.step20_assumption1
✔ [1277/1338] Built Book1.Prop45.step7
✔ [1278/1338] Built Book1.Prop14.step2
✔ [1279/1338] Built Book1.Prop45.step17_assumption2
✔ [1280/1338] Built Book1.Prop45.step11
✔ [1281/1338] Built Book1.Prop43.step6_betw_bgc
✔ [1282/1338] Built Book1.Prop45.step17_assumption1
✔ [1283/1338] Built Book1.Prop45.step14
✔ [1284/1338] Built Book1.Prop44.step14
✔ [1285/1338] Built Book1.Prop45.hangle
✔ [1286/1338] Built Book1.Prop45.step21
✔ [1287/1338] Built Book1.Prop44.step7
✔ [1288/1338] Built Book1.Prop45.step20
✔ [1289/1338] Built Book1.Prop14.step7
✔ [1290/1338] Built Book1.Prop31.step5
✔ [1291/1338] Built Book1.Prop37.step1
✔ [1292/1338] Built Book1.Prop42.step6_same
✔ [1293/1338] Built Book1.Prop36.step2
✔ [1294/1338] Built Book1.Prop36.step5
✔ [1295/1338] Built Book1.Prop23.step2
✔ [1296/1338] Built Book1.Prop36.step6
✔ [1297/1338] Built Book1.Prop38.step7
✔ [1298/1338] Built Book1.Prop38.step4
✔ [1299/1338] Built Book1.Prop44.step3
✔ [1300/1338] Built Book1.Prop45.step19
✔ [1301/1338] Built Book1.Prop42.step11
✔ [1302/1338] Built Book1.Prop30.step7_othercases
✔ [1303/1338] Built Book1.Prop43.step6
✔ [1304/1338] Built Book1.Prop20.Main
✔ [1305/1338] Built Book1.Prop42.step6
✔ [1306/1338] Built Book1.Prop22.Main
✔ [1307/1338] Built Book1.Prop14.Main
✔ [1308/1338] Built Book1.Prop36.Main
✔ [1309/1338] Built Book1.Prop43.Main
✔ [1310/1338] Built Book1.Prop30.Main
✔ [1311/1338] Built Book1.Prop45.step10
✔ [1312/1338] Built Book1.Prop45.step16
✔ [1313/1338] Built Book1.Prop44.step12_fbm
✔ [1314/1338] Built Book1.Prop44.step17
✔ [1315/1338] Built Book1.Prop44.step13_klgf
✔ [1316/1338] Built Book1.Prop44.step6_assumption1
✔ [1317/1338] Built Book1.Prop45.step17
✔ [1318/1338] Built Book1.Prop44.step13
✔ [1319/1338] Built Book1Variants.Prop22
✔ [1320/1338] Built Book1Variants.Prop36
✔ [1321/1338] Built Book1.Prop44.step12_hal
✔ [1322/1338] Built Book1.Prop23.Main
✔ [1323/1338] Built Book1.Prop38.step5
✔ [1324/1338] Built Book1.Prop44.step12
✔ [1325/1338] Built Book1Variants.Prop23
✔ [1326/1338] Built Book1.Prop31.Main
✔ [1327/1338] Built Book1.Prop37.Main
✔ [1328/1338] Built Book1.Prop38.Main
✔ [1329/1338] Built Book1Variants.Prop37
✔ [1330/1338] Built Book1.Prop42.step7
✔ [1331/1338] Built Book1.Prop41.step2
✔ [1332/1338] Built Book1.Prop41.Main
✔ [1333/1338] Built Book1.Prop42.step9
✔ [1334/1338] Built Book1.Prop42.Main
✔ [1335/1338] Built Book1Variants.Prop42
✔ [1336/1338] Built Book1.Prop44.Main
✔ [1337/1338] Built Book1Variants.Prop44
✔ [1338/1338] Built Book1.Prop45.Main
Build completed successfully.
===== mymethod Book1_Prop45 20260722-111634-3f005a60 -> build Book1.Prop45.Main =====
⚠ [843/1338] Replayed Mathlib.Tactic.Linarith.Verification
warning: cached build log is corrupted: offset 1036: expected end of input
✔ [1314/1338] Built Book1.Prop45.step2
✔ [1315/1338] Built Book1.Prop45.step3
✔ [1316/1338] Built Book1.Prop45.step4
✔ [1317/1338] Built Book1.Prop45.step5
✔ [1318/1338] Built Book1.Prop45.step1
✔ [1319/1338] Built Book1.Prop45.step8
✔ [1320/1338] Built Book1.Prop45.step9
✔ [1321/1338] Built Book1.Prop45.step6
✔ [1322/1338] Built Book1.Prop45.step12
✔ [1323/1338] Built Book1.Prop45.step13
✔ [1324/1338] Built Book1.Prop45.step15
✔ [1325/1338] Built Book1.Prop45.step7
✔ [1326/1338] Built Book1.Prop45.step10
✔ [1327/1338] Built Book1.Prop45.step11
✔ [1328/1338] Built Book1.Prop45.step14
✔ [1329/1338] Built Book1.Prop45.step17_assumption1
✔ [1330/1338] Built Book1.Prop45.step17_assumption2
✔ [1331/1338] Built Book1.Prop45.step19
✔ [1332/1338] Built Book1.Prop45.step20
✔ [1333/1338] Built Book1.Prop45.step18
✔ [1334/1338] Built Book1.Prop45.step17
✔ [1335/1338] Built Book1.Prop45.step16
✔ [1336/1338] Built Book1.Prop45.hangle
✔ [1337/1338] Built Book1.Prop45.step21
✔ [1338/1338] Built Book1.Prop45.Main
Build completed successfully.
===== mymethod Book1_Prop45 20260722-141619-3d4c8788 -> build Book1.Prop45.Main =====
⚠ [843/1342] Replayed Mathlib.Tactic.Linarith.Verification
warning: cached build log is corrupted: offset 1036: expected end of input
✔ [1314/1342] Built Book1.Prop45.step2
✔ [1315/1342] Built Book1.Prop45.step3
✔ [1316/1342] Built Book1.Prop45.step1
✔ [1317/1342] Built Book1.Prop45.step4
✔ [1318/1342] Built Book1.Prop45.step5
✔ [1319/1342] Built Book1.Prop45.step8
✔ [1320/1342] Built Book1.Prop45.step9
✔ [1321/1342] Built Book1.Prop45.step6
✔ [1322/1342] Built Book1.Prop45.step12
✔ [1323/1342] Built Book1.Prop45.step13
✔ [1324/1342] Built Book1.Prop45.step15
✔ [1325/1342] Built Book1.Prop45.step19_kmss
✔ [1326/1342] Built Book1.Prop45.step17_fkne
✔ [1327/1342] Built Book1.Prop45.step21_bkhm
✔ [1328/1342] Built Book1.Prop45.step7
✔ [1329/1342] Built Book1.Prop45.step17_assumption2
✔ [1330/1342] Built Book1.Prop45.step18
✔ [1331/1342] Built Book1.Prop45.step21_bfgl
✔ [1332/1342] Built Book1.Prop45.step17_assumption1
✔ [1333/1342] Built Book1.Prop45.step10
✔ [1334/1342] Built Book1.Prop45.step14
✔ [1335/1342] Built Book1.Prop45.step11
✔ [1336/1342] Built Book1.Prop45.step16
✔ [1337/1342] Built Book1.Prop45.step19
✔ [1338/1342] Built Book1.Prop45.step20
✔ [1339/1342] Built Book1.Prop45.hangle
✔ [1340/1342] Built Book1.Prop45.step21
✔ [1341/1342] Built Book1.Prop45.step17
✔ [1342/1342] Built Book1.Prop45.Main
Build completed successfully.
===== mymethod Book2_Prop03 20260722-114628-abe95ce0 -> build Book2.Prop03.Main =====
⚠ [847/1202] Replayed Mathlib.Tactic.Linarith.Verification
warning: cached build log is corrupted: offset 1036: expected end of input
✔ [1170/1202] Built Book1.Prop46.step3
✔ [1171/1202] Built Book1.Prop46.step1
✔ [1172/1202] Built Book1.Prop46.step2
✔ [1173/1202] Built Book1.Prop46.step4
✔ [1174/1202] Built Book1.Prop46.step8
✔ [1175/1202] Built Book1.Prop46.step5
✔ [1176/1202] Built Book1.Prop46.step10
✔ [1177/1202] Built Book1.Prop46.step9
✔ [1178/1202] Built Book1.Prop46.step6
✔ [1179/1202] Built Book1.Prop46.step14
✔ [1180/1202] Built Book1.Prop46.step17
✔ [1181/1202] Built Book1.Prop46.step19
✔ [1182/1202] Built Book1.Prop46.step7
✔ [1183/1202] Built Book1.Prop46.step18
✔ [1184/1202] Built Book1.Prop46.hbe
✔ [1185/1202] Built Book2.Prop03.step1
✔ [1186/1202] Built Book2.Prop03.step3
✔ [1187/1202] Built Book1.Prop46.step16
✔ [1188/1202] Built Book1.Prop46.step13
✔ [1189/1202] Built Book1.Prop46.step12
✔ [1190/1202] Built Book2.Prop03.step6_ang
✔ [1191/1202] Built Book2.Prop03.step8
✔ [1192/1202] Built Book2.Prop03.step6_para
✔ [1193/1202] Built Book1.Prop46.step15
✔ [1194/1202] Built Helpers.Parallel
✔ [1195/1202] Built Book2.Prop03.step2
✔ [1196/1202] Built Book2.Prop03.step7
✔ [1197/1202] Built Book2.Prop03.step6
✔ [1198/1202] Built Book2.Prop03.step4
✔ [1199/1202] Built Book1.Prop46.Main
✔ [1200/1202] Built Book2.Prop03.step5
✔ [1201/1202] Built Book1Variants.Prop46
✔ [1202/1202] Built Book2.Prop03.Main
Build completed successfully.
===== mymethod Book2_Prop03 20260722-140109-681d4b84 -> build Book2.Prop03.Main =====
⚠ [847/1200] Replayed Mathlib.Tactic.Linarith.Verification
warning: cached build log is corrupted: offset 1036: expected end of input
✔ [1192/1200] Built Book2.Prop03.step1
✔ [1193/1200] Built Book2.Prop03.step3
✔ [1194/1200] Built Book2.Prop03.step8
✔ [1195/1200] Built Book2.Prop03.step4
✔ [1196/1200] Built Book2.Prop03.step7
✔ [1197/1200] Built Book2.Prop03.step2
✔ [1198/1200] Built Book2.Prop03.step6
✔ [1199/1200] Built Book2.Prop03.step5
✔ [1200/1200] Built Book2.Prop03.Main
Build completed successfully.
===== mymethod Book2_Prop03 20260722-151424-0f5e3574 -> build Book2.Prop03.Main =====
⚠ [847/1207] Replayed Mathlib.Tactic.Linarith.Verification
warning: cached build log is corrupted: offset 1036: expected end of input
✔ [1192/1207] Built Book2.Prop03.step3
✔ [1193/1207] Built Book2.Prop03.step1
✔ [1194/1207] Built Book2.Prop03.step8
✔ [1195/1207] Built Book2.Prop03.step7
✔ [1196/1207] Built Book2.Prop03.step4_ss
✔ [1197/1207] Built Book2.Prop03.step5
✔ [1198/1207] Built Book2.Prop03.step6_fnotab
✔ [1199/1207] Built Book2.Prop03.step2_ns
✔ [1200/1207] Built Book2.Prop03.step4_afbe
✔ [1201/1207] Built Book2.Prop03.step6_anotcd
✔ [1202/1207] Built Book2.Prop03.step6_rangle
✔ [1203/1207] Built Book2.Prop03.step6_par
✔ [1204/1207] Built Book2.Prop03.step2
✔ [1205/1207] Built Book2.Prop03.step4
✔ [1206/1207] Built Book2.Prop03.step6
✔ [1207/1207] Built Book2.Prop03.Main
Build completed successfully.
===== mymethod Book2_Prop12 20260722-114628-9a040e08 -> build Book2.Prop12.Main =====
⚠ [843/1459] Replayed Mathlib.Tactic.Linarith.Verification
warning: cached build log is corrupted: offset 1036: expected end of input
✔ [935/1459] Built Book1.Prop12.step1
✔ [936/1459] Built Book1.Prop12.step2
✔ [937/1459] Built Book1.Prop12.step3
✔ [938/1459] Built Book1.Prop12.step4
✔ [939/1459] Built Book1.Prop12.step6
✔ [940/1459] Built Book1.Prop12.step7
✔ [941/1459] Built Book1.Prop12.step9
✔ [942/1459] Built Book1.Prop12.step10
✔ [1179/1459] Built Book2.Prop04.step1
✔ [1180/1459] Built Book2.Prop04.step2
✔ [1181/1459] Built Book2.Prop04.step3
✔ [1182/1459] Built Book2.Prop04.step4
✔ [1183/1459] Built Book2.Prop04.step5_collin
✔ [1184/1459] Built Book2.Prop04.step5_ss
✔ [1185/1459] Built Book2.Prop04.step6
✔ [1186/1459] Built Book1.Prop06.step1
✔ [1187/1459] Built Book1.Prop06.step2
✔ [1188/1459] Built Book1.Prop06.step3
✔ [1189/1459] Built Book1.Prop06.step4
✔ [1190/1459] Built Book1.Prop06.step5
✔ [1191/1459] Built Book1.Prop06.step10
✔ [1192/1459] Built Book1.Prop06.step11
✔ [1193/1459] Built Book1.Prop06.swapfig
✔ [1194/1459] Built Book2.Prop04.step25_cab
✔ [1195/1459] Built Book2.Prop04.step8_dnab
✔ [1196/1459] Built Book2.Prop04.step9_gnab
✔ [1197/1459] Built Book2.Prop04.step9_anbe
✔ [1198/1459] Built Book2.Prop04.step9_cnbe
✔ [1217/1459] Built Book2.Prop04.step9_csg
✔ [1218/1459] Built Book2.Prop04.step9_bk
✔ [1219/1459] Built Book2.Prop04.step11
✔ [1220/1459] Built Book2.Prop04.step12
✔ [1221/1459] Built Book2.Prop04.step9_knab
✔ [1222/1459] Built Book2.Prop04.step14_ks
✔ [1223/1459] Built Book2.Prop04.step15_bnhk
✔ [1224/1459] Built Book2.Prop04.step15_dnhk
✔ [1225/1459] Built Book2.Prop04.step15_ande
✔ [1286/1459] Built Book1.Prop12.step8
✔ [1287/1459] Built Book2.Prop04.step15_dse
✔ [1288/1459] Built Book2.Prop04.step18
✔ [1289/1459] Built Book2.Prop04.step19
✔ [1290/1459] Built Book1.Prop06.step6
✔ [1291/1459] Built Book2.Prop04.step20
✔ [1292/1459] Built Book2.Prop04.step22_anhk
✔ [1293/1459] Built Book2.Prop04.step22_dnhk
✔ [1294/1459] Built Book2.Prop04.step16
✔ [1295/1459] Built Book2.Prop04.step22_hnde
✔ [1296/1459] Built Book2.Prop04.step22_gf
✔ [1297/1459] Built Book2.Prop04.step22_adni
✔ [1298/1459] Built Book2.Prop04.step22_par
✔ [1299/1459] Built Book2.Prop04.step5_corr
✔ [1300/1459] Built Book1.Prop06.step9
✔ [1301/1459] Built Book1.Prop06.step7
✔ [1302/1459] Built Book2.Prop04.step15_dehk
✔ [1303/1459] Built Book2.Prop04.step9_cfbe
✔ [1304/1459] Built Book2.Prop04.step22_abshk
✔ [1305/1459] Built Book2.Prop04.step22_ahd
✔ [1306/1459] Built Book2.Prop04.step22_ahcf
✔ [1307/1459] Built Book2.Prop04.step22_hsd
✔ [1308/1459] Built Book2.Prop04.step22_adcf
✔ [1309/1459] Built Book2.Prop04.step22_becf
✔ [1310/1459] Built Book2.Prop04.step25_bead
✔ [1311/1459] Built Book2.Prop04.step22_dfe
✔ [1312/1459] Built Book2.Prop04.step25_abde
✔ [1313/1459] Built Book2.Prop04.step25_bigpar
✔ [1314/1459] Built Book2.Prop04.step25_gnbe
✔ [1315/1459] Built Book2.Prop04.step22_hkde
✔ [1316/1459] Built Book2.Prop04.step25_par2
✔ [1317/1459] Built Book2.Prop04.step25_pargkef
✔ [1318/1459] Built Book1.Prop12.step11
✔ [1319/1459] Built Book2.Prop04.step25_bchk2
✔ [1320/1459] Built Book2.Prop04.step25_paracgh
✔ [1321/1459] Built Book2.Prop04.step26_gnad
✔ [1322/1459] Built Book2.Prop04.step25_bchk
✔ [1323/1459] Built Book2.Prop04.step22_acgh
✔ [1324/1459] Built Book2.Prop04.step25_lhs
✔ [1325/1459] Built Book2.Prop04.step25_par1
✔ [1326/1459] Built Book2.Prop04.step25_rhs
✔ [1327/1459] Built Book2.Prop04.step26_bnad
✔ [1328/1459] Built Book2.Prop04.step27
✔ [1329/1459] Built Book2.Prop04.step29
✔ [1330/1459] Built Book2.Prop04.step26_gh
✔ [1331/1459] Built Book2.Prop04.step28
✔ [1332/1459] Built Book2.Prop04.step31_par1
✔ [1333/1459] Built Book1.Prop06.step8
✔ [1334/1459] Built Book2.Prop04.step25_ghde
✔ [1335/1459] Built Book2.Prop04.step26_bsg
✔ [1336/1459] Built Book2.Prop04.step31_par2b
✔ [1337/1459] Built Book2.Prop04.step25_gfbe
✔ [1338/1459] Built Book2.Prop04.step30
✔ [1339/1459] Built Book2.Prop04.step22_eq
✔ [1340/1459] Built Book2.Prop04.step31_cgf
✔ [1341/1459] Built Book2.Prop04.step31_par2a
✔ [1342/1459] Built Book2.Prop04.step33
✔ [1343/1459] Built Book2.Prop04.step25_compl
✔ [1344/1459] Built Book2.Prop04.step22_ra
✔ [1345/1459] Built Book2.Prop04.step31_adbe
✔ [1346/1459] Built Book2.Prop04.step31_cfhk
✔ [1347/1459] Built Book2.Prop12.step2
✔ [1348/1459] Built Book2.Prop04.step31_acde
✔ [1349/1459] Built Book2.Prop04.step31_cbde
✔ [1350/1459] Built Book2.Prop04.step32_bridge
✔ [1351/1459] Built Book2.Prop04.step31_csb
✔ [1352/1459] Built Book2.Prop12.step3
✔ [1353/1459] Built Book2.Prop04.step31_fsd
✔ [1354/1459] Built Book2.Prop04.step22_fdh
✔ [1355/1459] Built Book2.Prop04.step26_area
✔ [1356/1459] Built Book2.Prop04.step26_ahg
✔ [1357/1459] Built Book1.Prop47.step1
✔ [1358/1459] Built Book1.Prop47.step2
✔ [1359/1459] Built Book1.Prop17.step1
✔ [1360/1459] Built Book1.Prop17.step3
✔ [1361/1459] Built Book2.Prop04.step32_rect
✔ [1362/1459] Built Book1.Prop17.step6
✔ [1363/1459] Built Book1.Prop47.step7
✔ [1364/1459] Built Book1.Prop47.step4
✔ [1365/1459] Built Book2.Prop04.step5_cnad
✔ [1366/1459] Built Book1.Prop17.step4
✔ [1367/1459] Built Book1.Prop47.step10
✔ [1368/1459] Built Book1.Prop47.step15
✔ [1369/1459] Built Book1.Prop17.step2
✔ [1370/1459] Built Book1.Prop17.step7
✔ [1371/1459] Built Book1.Prop47.step8_hA10
✔ [1372/1459] Built Book1.Prop47.step8_hf_nsame
✔ [1373/1459] Built Book1.Prop47.step8_hC10
✔ [1374/1459] Built Book1.Prop47.step9
✔ [1375/1459] Built Book1.Prop47.step16
✔ [1376/1459] Built Book2.Prop04.step14_assumption1
✔ [1377/1459] Built Book1.Prop47.step14_pgram
✔ [1378/1459] Built Book2.Prop04.step26_close
✔ [1379/1459] Built Book1.Prop47.step17_ne_same
✔ [1380/1459] Built Book1.Prop47.step17_nk_same
✔ [1381/1459] Built Book1.Prop47.step17_ss_eAC
✔ [1382/1459] Built Book1.Prop47.step17_ss_kBC
✔ [1383/1459] Built Book1.Prop17.step5
✔ [1384/1459] Built Book1.Prop47.step17_sas_tri2
✔ [1385/1459] Built Book1.Prop47.step17_HC_pgram
✔ [1386/1459] Built Book1.Prop47.step21
✔ [1387/1459] Built Book2.Prop12.step6
✔ [1388/1459] Built Book2.Prop12.step7
✔ [1389/1459] Built Book1.Prop47.step5
✔ [1390/1459] Built Book1.Prop47.step17_sas_tri1
✔ [1391/1459] Built Book1.Prop47.hALBC
✔ [1392/1459] Built Book1.Prop47.step6
✔ [1393/1459] Built Book1.Prop47.step20_gbpgram
✔ [1394/1459] Built Book1.Prop17.step8
✔ [1395/1459] Built Book1.Prop47.step13_pgram
✔ [1396/1459] Built Book1.Prop47.step20_hcpgram
✔ [1397/1459] Built Book1.Prop47.step17_CL_pgram
✔ [1398/1459] Built Book2.Prop04.step9_par
✔ [1399/1459] Built Book1.Prop47.step17_ALCE
✔ [1400/1459] Built Book1.Prop47.step18_perpc
✔ [1401/1459] Built Book1.Prop47.hoffBD_nbet
✔ [1402/1459] Built Book2.Prop04.step5_bgd_ss
✔ [1403/1459] Built Book1.Prop47.step18_perp
✔ [1404/1459] Built Book1.Prop47.hoffBD_bet
✔ [1405/1459] Built Book2.Prop04.step15_bke
✔ [1406/1459] Built Book1.Prop47.step18_bdec
✔ [1407/1459] Built Book1.Prop47.step18_dle
✔ [1408/1459] Built Book1.Prop47.hALDE
✔ [1409/1459] Built Book1.Prop06.Main
✔ [1410/1459] Built Book2.Prop04.step32
✔ [1411/1459] Built Book1.Prop47.step8_hA11
✔ [1412/1459] Built Book1.Prop47.step8_hC11
✔ [1413/1459] Built Book1.Prop47.step17_ss_aCE
✔ [1414/1459] Built Book1.Prop47.step17_ss_bCK
✔ [1415/1459] Built Book1.Prop17.Main
✔ [1416/1459] Built Book1.Prop47.step17_sas
✔ [1417/1459] Built Book1.Prop12.Main
✔ [1418/1459] Built Book1.Prop47.step14
✔ [1419/1459] Built Book1.Prop47.step17_HC
✔ [1420/1459] Built Book2.Prop04.step5_bgd
✔ [1421/1459] Built Book1.Prop47.step13
✔ [1422/1459] Built Book1.Prop47.step17_CL
✔ [1423/1459] Built Book1.Prop47.step19
✔ [1424/1459] Built Book1.Prop47.step20
✔ [1425/1459] Built Book1.Prop47.step8_hacute
✔ [1426/1459] Built Book1.Prop47.step17_hacuteC
✔ [1427/1459] Built Book1.Prop47.hoffBD_hacute
✔ [1428/1459] Built Book1.Prop47.step3
✔ [1429/1459] Built Book2.Prop04.step5
✔ [1430/1459] Built Book2.Prop04.step8_tri
✔ [1431/1459] Built Book2.Prop04.step9
✔ [1432/1459] Built Book2.Prop04.step17
✔ [1433/1459] Built Book2.Prop04.step23
✔ [1434/1459] Built Book1.Prop47.step18_blc
✔ [1435/1459] Built Book2.Prop04.step10
✔ [1436/1459] Built Book2.Prop04.step7
✔ [1437/1459] Built Book2.Prop04.step21
✔ [1438/1459] Built Book1.Prop47.step11
✔ [1439/1459] Built Book1.Prop47.step12
✔ [1440/1459] Built Book2.Prop04.step14
✔ [1441/1459] Built Book2.Prop04.step15
✔ [1442/1459] Built Book2.Prop04.step26
✔ [1443/1459] Built Book1.Prop47.hoffBD
✔ [1444/1459] Built Book1.Prop47.step17_sas_angle
✔ [1445/1459] Built Book2.Prop04.step22
✔ [1446/1459] Built Book2.Prop04.step25
✔ [1447/1459] Built Book2.Prop04.step8
✔ [1448/1459] Built Book1.Prop47.step8
✔ [1449/1459] Built Book2.Prop04.step31
✔ [1450/1459] Built Book2.Prop04.step24_hf
✔ [1451/1459] Built Book1.Prop47.step17
✔ [1452/1459] Built Book1.Prop47.step18
✔ [1453/1459] Built Book2.Prop04.step24
✔ [1454/1459] Built Book2.Prop04.Main
✔ [1455/1459] Built Book2.Prop12.step1
✔ [1456/1459] Built Book1.Prop47.Main
✔ [1457/1459] Built Book2.Prop12.step5
✔ [1458/1459] Built Book2.Prop12.step4
✔ [1459/1459] Built Book2.Prop12.Main
Build completed successfully.
===== mymethod Book2_Prop12 20260722-124334-c0449664 -> build Book2.Prop12.Main =====
⚠ [843/1458] Replayed Mathlib.Tactic.Linarith.Verification
warning: cached build log is corrupted: offset 1036: expected end of input
✔ [1451/1458] Built Book2.Prop12.step2
✔ [1452/1458] Built Book2.Prop12.step3
✔ [1453/1458] Built Book2.Prop12.step6
✔ [1454/1458] Built Book2.Prop12.step7
✔ [1455/1458] Built Book2.Prop12.step1
✔ [1456/1458] Built Book2.Prop12.step5
✔ [1457/1458] Built Book2.Prop12.step4
✔ [1458/1458] Built Book2.Prop12.Main
Build completed successfully.
===== mymethod Book2_Prop12 20260722-134822-01fa8c96 -> build Book2.Prop12.Main =====
⚠ [843/1458] Replayed Mathlib.Tactic.Linarith.Verification
warning: cached build log is corrupted: offset 1036: expected end of input
✔ [1451/1458] Built Book2.Prop12.step2
✔ [1452/1458] Built Book2.Prop12.step3
✔ [1453/1458] Built Book2.Prop12.step6
✔ [1454/1458] Built Book2.Prop12.step7
✔ [1455/1458] Built Book2.Prop12.step1
✔ [1456/1458] Built Book2.Prop12.step5
✔ [1457/1458] Built Book2.Prop12.step4
✔ [1458/1458] Built Book2.Prop12.Main
Build completed successfully.
===== mymethod Book3_Prop06 20260722-114914-87a30db6 -> build Book3.Prop06.Main =====
✔ [786/795] Built Book3.Prop06.step3
✔ [787/795] Built Book3.Prop06.hFEB_int
✔ [788/795] Built Book3.Prop06.step1
✔ [789/795] Built Book3.Prop06.step2
✔ [790/795] Built Book3.Prop06.step4
✔ [791/795] Built Book3.Prop06.step5
✔ [792/795] Built Book3.Prop06.step6
✔ [793/795] Built Book3.Prop06.step7
✔ [794/795] Built Book3.Prop06.step8
✔ [795/795] Built Book3.Prop06.Main
Build completed successfully.
===== mymethod Book3_Prop06 20260722-124136-b18981f0 -> build Book3.Prop06.Main =====
⚠ [795/821] Replayed Mathlib.Tactic.Linarith.Verification
warning: cached build log is corrupted: offset 1036: expected end of input
✔ [812/821] Built Book3.Prop06.step2
✔ [813/821] Built Book3.Prop06.step3
✔ [814/821] Built Book3.Prop06.step7
✔ [815/821] Built Book3.Prop06.step8
✔ [816/821] Built Book3.Prop06.step1
✔ [817/821] Built Book3.Prop06.step4
✔ [818/821] Built Book3.Prop06.step6
✔ [819/821] Built Book3.Prop06.hFEB_int
✔ [820/821] Built Book3.Prop06.step5
✔ [821/821] Built Book3.Prop06.Main
Build completed successfully.
===== mymethod Book3_Prop06 20260722-133821-5636700d -> build Book3.Prop06.Main =====
✔ [787/795] Built Book3.Prop06.step3
✔ [788/795] Built Book3.Prop06.step7
✔ [789/795] Built Book3.Prop06.step1
✔ [790/795] Built Book3.Prop06.step2
✔ [791/795] Built Book3.Prop06.step5
✔ [792/795] Built Book3.Prop06.step6
✔ [793/795] Built Book3.Prop06.hFEB_int
✔ [794/795] Built Book3.Prop06.step4
✔ [795/795] Built Book3.Prop06.Main
Build completed successfully.
===== mymethod Book3_Prop11 20260722-114914-7c3bf53a -> build Book3.Prop11.Main =====
⚠ [846/1035] Replayed Mathlib.Tactic.Linarith.Verification
warning: cached build log is corrupted: offset 1036: expected end of input
✔ [1022/1035] Built Book3.Prop11.step2
✔ [1023/1035] Built Book3.Prop11.step1
✔ [1024/1035] Built Book3.Prop11.step5
✔ [1025/1035] Built Book3.Prop11.step6
✔ [1026/1035] Built Book3.Prop11.step7
✔ [1027/1035] Built Book3.Prop11.step8
✔ [1028/1035] Built Book3.Prop11.step9
✔ [1029/1035] Built Book3.Prop11.step3
✔ [1030/1035] Built Book3.Prop11.step4
✔ [1031/1035] Built Book3.Prop11.hd_ex
✔ [1032/1035] Built Book3.Prop11.step_nhout_hin
✔ [1033/1035] Built Book3.Prop11.step_nhout_h2out
✔ [1034/1035] Built Book3.Prop11.step_nhout
✔ [1035/1035] Built Book3.Prop11.Main
Build completed successfully.
===== mymethod Book3_Prop11 20260722-135250-1a554c88 -> build Book3.Prop11.Main =====
⚠ [846/1033] Replayed Mathlib.Tactic.Linarith.Verification
warning: cached build log is corrupted: offset 1036: expected end of input
✔ [1022/1033] Built Book3.Prop11.step1
✔ [1023/1033] Built Book3.Prop11.step2
✔ [1024/1033] Built Book3.Prop11.step5
✔ [1025/1033] Built Book3.Prop11.step6
✔ [1026/1033] Built Book3.Prop11.step8
✔ [1027/1033] Built Book3.Prop11.step4
✔ [1028/1033] Built Book3.Prop11.step7
✔ [1029/1033] Built Book3.Prop11.step9
✔ [1030/1033] Built Book3.Prop11.hd_ex
✔ [1031/1033] Built Book3.Prop11.step_nhout
✔ [1032/1033] Built Book3.Prop11.step3
✔ [1033/1033] Built Book3.Prop11.Main
Build completed successfully.
===== mymethod Book3_Prop11 20260722-150227-77754a03 -> build Book3.Prop11.Main =====
⚠ [796/1033] Replayed Mathlib.Tactic.Linarith.Verification
warning: cached build log is corrupted: offset 1036: expected end of input
✔ [1022/1033] Built Book3.Prop11.step2
✔ [1023/1033] Built Book3.Prop11.step8
✔ [1024/1033] Built Book3.Prop11.step1
✔ [1025/1033] Built Book3.Prop11.step5
✔ [1026/1033] Built Book3.Prop11.step6
✔ [1027/1033] Built Book3.Prop11.step7
✔ [1028/1033] Built Book3.Prop11.step4
✔ [1029/1033] Built Book3.Prop11.step9
✔ [1030/1033] Built Book3.Prop11.hd_ex
✔ [1031/1033] Built Book3.Prop11.step3
✔ [1032/1033] Built Book3.Prop11.step_nhout
✔ [1033/1033] Built Book3.Prop11.Main
Build completed successfully.
===== mymethod Book3_Prop25 20260722-114914-3fbefacb -> build Book3.Prop25.Main =====
⚠ [843/1161] Replayed Mathlib.Tactic.Linarith.Verification
warning: cached build log is corrupted: offset 1036: expected end of input
✔ [1098/1161] Built Book3.Prop25.step1
✔ [1099/1161] Built Book3.Prop25.step4
✔ [1100/1161] Built Book3.Prop25.step5
✔ [1101/1161] Built Book3.Prop25.step7
✔ [1102/1161] Built Book3.Prop25.step3
✔ [1103/1161] Built Book3.Prop25.step8
✔ [1104/1161] Built Book3.Prop25.step11
✔ [1105/1161] Built Book3.Prop25.step10
✔ [1106/1161] Built Book3.Prop09.step1
✔ [1107/1161] Built Book3.Prop25.step13
✔ [1108/1161] Built Book3.Prop25.step14
✔ [1109/1161] Built Book3.Prop09.step2
✔ [1110/1161] Built Book3.Prop09.step4
✔ [1111/1161] Built Book3.Prop09.step3
✔ [1112/1161] Built Book3.Prop25.step15
✔ [1113/1161] Built Book3.Prop09.step7
✔ [1114/1161] Built Book3.Prop09.step8
✔ [1115/1161] Built Book3.Prop09.step9
✔ [1116/1161] Built Book3.Prop09.step12
✔ [1117/1161] Built Book3.Prop25.step18
✔ [1118/1161] Built Book3.Prop09.step6
✔ [1119/1161] Built Book3.Prop25.step17
✔ [1120/1161] Built Book3.Prop25.step20
✔ [1121/1161] Built Book3.Prop25.step21
✔ [1122/1161] Built Book3.Prop25.haα₂
✔ [1123/1161] Built Book3.Prop25.step12_tri2
✔ [1124/1161] Built Book3.Prop25.hbα₂
✔ [1125/1161] Built Book3.Prop25.hcα₂
✔ [1126/1161] Built Book3.Prop25.step23
✔ [1127/1161] Built Book3.Prop25.hec
✔ [1128/1161] Built Book3.Prop25.haα₃
✔ [1129/1161] Built Book3.Prop25.hbα₃
✔ [1130/1161] Built Book3.Prop25.hcα₃
✔ [1131/1161] Built Book3.Prop25.step12_tri1
✔ [1132/1161] Built Book3.Prop25.hda
✔ [1133/1161] Built Book3.Prop25.step22
✔ [1134/1161] Built Book3.Prop25.step2
✔ [1135/1161] Built Helpers.Angle
✔ [1136/1161] Built Book3.Prop25.step9
✔ [1137/1161] Built Book3.Prop25.step19
✔ [1138/1161] Built Book3.Prop09.hcentre_perp_d
✔ [1139/1161] Built Book3.Prop09.hcentre_oED
✔ [1140/1161] Built Book3.Prop09.step5
✔ [1141/1161] Built Book3.Prop09.hcentre_perp_o
✔ [1142/1161] Built Book3.Prop25.hAG3DB
✔ [1143/1161] Built Book3.Prop25.hEc
✔ [1144/1161] Built Book3.Prop25.step12
✔ [1145/1161] Built Book3.Prop09.step9_assumption1
✔ [1146/1161] Built Book3.Prop09.hcentre_aonL_doff
✔ [1147/1161] Built Book3.Prop09.hcentre_conL
✔ [1148/1161] Built Book3.Prop09.hcentre_bonL
✔ [1149/1161] Built Book3.Prop25.hAGDB
✔ [1150/1161] Built Book3.Prop25.step6
✔ [1151/1161] Built Book3.Prop25.hEb_bae
✔ [1152/1161] Built Book3.Prop09.hcentre_aonL
✔ [1153/1161] Built Book3.Prop25.step9_assumption1
✔ [1154/1161] Built Book3.Prop25.hEb_abe
✔ [1155/1161] Built Book3.Prop09.step10
✔ [1156/1161] Built Book3.Prop09.hcentre
✔ [1157/1161] Built Book3.Prop09.step11
✔ [1158/1161] Built Book3.Prop25.hEb
✔ [1159/1161] Built Book3.Prop09.Main
✔ [1160/1161] Built Book3.Prop25.step16
✔ [1161/1161] Built Book3.Prop25.Main
Build completed successfully.
===== mymethod Book3_Prop25 20260722-163637-8fc9b0ac -> build Book3.Prop25.Main =====
⚠ [843/1135] Replayed Mathlib.Tactic.Linarith.Verification
warning: cached build log is corrupted: offset 1036: expected end of input
✔ [1099/1135] Built Book3.Prop25.step1
✔ [1100/1135] Built Book3.Prop25.step4
✔ [1101/1135] Built Book3.Prop25.step3
✔ [1102/1135] Built Book3.Prop25.step5
✔ [1103/1135] Built Book3.Prop25.step7
✔ [1104/1135] Built Book3.Prop25.step8
✔ [1105/1135] Built Book3.Prop25.step11
✔ [1106/1135] Built Book3.Prop25.step10
✔ [1107/1135] Built Book3.Prop25.step14
✔ [1108/1135] Built Book3.Prop25.step13
✔ [1109/1135] Built Book3.Prop25.step17
✔ [1110/1135] Built Book3.Prop25.step15
✔ [1111/1135] Built Book3.Prop25.step18
✔ [1112/1135] Built Book3.Prop25.step20
✔ [1113/1135] Built Book3.Prop25.step21
✔ [1114/1135] Built Book3.Prop25.step23
✔ [1115/1135] Built Book3.Prop25.haα₂
✔ [1116/1135] Built Book3.Prop25.hec
✔ [1117/1135] Built Book3.Prop25.hda
✔ [1118/1135] Built Book3.Prop25.haα₃
✔ [1119/1135] Built Book3.Prop25.hbα₂
✔ [1120/1135] Built Book3.Prop25.hcα₂
✔ [1121/1135] Built Book3.Prop25.hbα₃
✔ [1122/1135] Built Book3.Prop25.hcα₃
✔ [1123/1135] Built Book3.Prop25.step16
✔ [1124/1135] Built Book3.Prop25.step6
✔ [1125/1135] Built Book3.Prop25.step19
✔ [1126/1135] Built Book3.Prop25.step2
✔ [1127/1135] Built Book3.Prop25.hAGDB
✔ [1128/1135] Built Book3.Prop25.hAG3DB
✔ [1129/1135] Built Book3.Prop25.step22
✔ [1130/1135] Built Book3.Prop25.step9_assumption1
✔ [1131/1135] Built Book3.Prop25.hEc
✔ [1132/1135] Built Book3.Prop25.hEb
✔ [1133/1135] Built Book3.Prop25.step9
✔ [1134/1135] Built Book3.Prop25.step12
✔ [1135/1135] Built Book3.Prop25.Main
Build completed successfully.
===== mymethod Book3_Prop25 20260722-190620-e45f8b26 -> build Book3.Prop25.Main =====
⚠ [843/1141] Replayed Mathlib.Tactic.Linarith.Verification
warning: cached build log is corrupted: offset 1036: expected end of input
✔ [1102/1141] Built Book3.Prop25.step1
✔ [1103/1141] Built Book3.Prop25.step5
✔ [1104/1141] Built Book3.Prop25.step4
✔ [1105/1141] Built Book3.Prop25.step11
✔ [1106/1141] Built Book3.Prop25.step7
✔ [1107/1141] Built Book3.Prop25.step3
✔ [1108/1141] Built Book3.Prop25.step8
✔ [1109/1141] Built Book3.Prop25.step10
✔ [1110/1141] Built Book3.Prop25.step2
✔ [1111/1141] Built Book3.Prop25.step12_tri1
✔ [1112/1141] Built Book3.Prop25.step14
✔ [1113/1141] Built Book3.Prop25.step15
✔ [1114/1141] Built Book3.Prop25.step18
✔ [1115/1141] Built Book3.Prop25.step20
✔ [1116/1141] Built Book3.Prop25.step21
✔ [1117/1141] Built Book3.Prop25.hec
✔ [1118/1141] Built Book3.Prop25.hda
✔ [1119/1141] Built Book3.Prop25.haα₂
✔ [1120/1141] Built Book3.Prop25.hbα₂
✔ [1121/1141] Built Book3.Prop25.hcα₂
✔ [1122/1141] Built Book3.Prop25.hbα₃
✔ [1123/1141] Built Book3.Prop25.hcα₃
✔ [1124/1141] Built Book3.Prop25.step6
✔ [1125/1141] Built Book3.Prop25.step9
✔ [1126/1141] Built Book3.Prop25.step12_tri2
✔ [1127/1141] Built Book3.Prop25.step16
✔ [1128/1141] Built Book3.Prop25.step19
✔ [1129/1141] Built Book3.Prop25.step22
✔ [1130/1141] Built Book3.Prop25.hAGDB
✔ [1131/1141] Built Book3.Prop25.step9_assumption1
✔ [1132/1141] Built Book3.Prop25.hAG3DB
✔ [1133/1141] Built Book3.Prop25.hEb
✔ [1134/1141] Built Book3.Prop25.hEc_eoffac
✔ [1135/1141] Built Book3.Prop25.hEc_tri1
✔ [1136/1141] Built Book3.Prop25.hEc_tri2
✔ [1137/1141] Built Book3.Prop25.haα₃
✔ [1138/1141] Built Book3.Prop25.step12_eoffac
✔ [1139/1141] Built Book3.Prop25.hEc
✔ [1140/1141] Built Book3.Prop25.step12
✔ [1141/1141] Built Book3.Prop25.Main
Build completed successfully.
===== mymethod Book3_Prop36 20260722-114914-f7c81e6c -> build Book3.Prop36.Main =====
⚠ [843/1564] Replayed Mathlib.Tactic.Linarith.Verification
warning: cached build log is corrupted: offset 1036: expected end of input
✔ [963/1564] Built Book3.Prop01.step1
✔ [979/1564] Built Book3.Prop01.step5
✔ [980/1564] Built Book3.Prop01.step7
✔ [981/1564] Built Book3.Prop01.step17
✔ [982/1564] Built Book3.Prop01.step20
✔ [983/1564] Built Book3.Prop01.hd_inside
✔ [984/1564] Built Book3.Prop01.hgNa
✔ [985/1564] Built Book3.Prop36.step1
✔ [1377/1564] Built Book3.Prop36.step2
✔ [1378/1564] Built Book3.Prop18.step1
✔ [1379/1564] Built Book3.Prop36.step4
✔ [1380/1564] Built Book3.Prop01.step19
✔ [1381/1564] Built Book3.Prop01.step13
✔ [1382/1564] Built Book3.Prop01.step15
✔ [1383/1564] Built Book3.Prop01.step8
✔ [1384/1564] Built Book3.Prop01.hDC_int
✔ [1385/1564] Built Book3.Prop18.step4
✔ [1386/1564] Built Book3.Prop18.step6
✔ [1387/1564] Built Book3.Prop18.step9
✔ [1388/1564] Built Book3.Prop18.hfoff
✔ [1389/1564] Built Book3.Prop01.step2
✔ [1390/1564] Built Book3.Prop18.hb
✔ [1391/1564] Built Book3.Prop01.step4
✔ [1392/1564] Built Book3.Prop18.step5
✔ [1393/1564] Built Book3.Prop18.hcdDE
✔ [1394/1564] Built Helpers.RightAngle
✔ [1395/1564] Built Book3.Prop01.step9
✔ [1396/1564] Built Book3.Prop01.step10
✔ [1397/1564] Built Book3.Prop18.step7
✔ [1398/1564] Built Book3.Prop01.step12_goff
✔ [1399/1564] Built Book3.Prop01.hgNb
✔ [1400/1564] Built Book3.Prop01.step3
✔ [1401/1564] Built Book3.Prop01.hgNd
✔ [1402/1564] Built Book3.Prop18.step2
✔ [1403/1564] Built Book3.Prop18.step3
✔ [1404/1564] Built Book3.Prop18.step8
✔ [1405/1564] Built Book3.Prop01.step11
✔ [1406/1564] Built Book3.Prop01.step14
✔ [1407/1564] Built Book3.Prop01.step16
✔ [1408/1564] Built Book3.Prop36.step6
✔ [1409/1564] Built Book3.Prop36.step7
✔ [1410/1564] Built Book3.Prop03.step2
✔ [1411/1564] Built Book3.Prop36.step23_notDA
✔ [1412/1564] Built Book3.Prop03.step3
✔ [1413/1564] Built Book3.Prop03.step10
✔ [1414/1564] Built Book3.Prop03.step13
✔ [1415/1564] Built Book3.Prop36.step21
✔ [1416/1564] Built Book3.Prop03.step1
✔ [1417/1564] Built Book3.Prop03.step5
✔ [1418/1564] Built Book3.Prop03.step6
✔ [1419/1564] Built Book3.Prop36.step18
✔ [1420/1564] Built Book3.Prop36.step19
✔ [1421/1564] Built Book2.Prop06.step1
✔ [1422/1564] Built Book3.Prop36.step13
✔ [1423/1564] Built Book3.Prop03.step7
✔ [1424/1564] Built Book2.Prop06.step4
✔ [1425/1564] Built Book3.Prop36.step17_bet
✔ [1426/1564] Built Book2.Prop06.step5
✔ [1427/1564] Built Book2.Prop06.step2_eoff
✔ [1428/1564] Built Book2.Prop06.step3
✔ [1429/1564] Built Book3.Prop36.step9
✔ [1430/1564] Built Book3.Prop36.step28_notDB
✔ [1431/1564] Built Book3.Prop03.step11
✔ [1432/1564] Built Book2.Prop06.step6_lc
✔ [1433/1564] Built Book3.Prop36.step10
✔ [1434/1564] Built Book3.Prop36.step14
✔ [1435/1564] Built Book3.Prop36.step15
✔ [1436/1564] Built Book3.Prop36.step22
✔ [1437/1564] Built Book3.Prop36.step23_cDA
✔ [1438/1564] Built Book3.Prop36.step31
✔ [1439/1564] Built Book3.Prop36.step17_lt
✔ [1440/1564] Built Book3.Prop36.step27
✔ [1441/1564] Built Book3.Prop36.step30
✔ [1442/1564] Built Book2.Prop06.step6_hb
✔ [1443/1564] Built Book2.Prop06.step6_sslc
✔ [1444/1564] Built Book3.Prop36.step11
✔ [1445/1564] Built Book3.Prop36.step17_facts
✔ [1446/1564] Built Book3.Prop03.step12
✔ [1447/1564] Built Book3.Prop36.step23_tri
✔ [1448/1564] Built Book3.Prop36.step24_df
✔ [1449/1564] Built Book3.Prop36.step24_tri
✔ [1450/1564] Built Book3.Prop36.step25
✔ [1451/1564] Built Book3.Prop36.step26
✔ [1452/1564] Built Book3.Prop36.step28_tri
✔ [1453/1564] Built Book3.Prop36.step29
✔ [1454/1564] Built Book2.Prop06.step6_chpar
✔ [1455/1564] Built Book2.Prop06.step7_hoffef
✔ [1456/1564] Built Book3.Prop01.step12
✔ [1457/1564] Built Book2.Prop06.step6_alpar
✔ [1458/1564] Built Book2.Prop06.step7_eoffbg
✔ [1459/1564] Built Book3.Prop36.step8
✔ [1460/1564] Built Book3.Prop36.step17_pa
✔ [1461/1564] Built Book3.Prop03.step4
✔ [1462/1564] Built Book3.Prop03.step9
✔ [1463/1564] Built Book3.Prop36.step24_p47
✔ [1464/1564] Built Book3.Prop36.step28_p47
✔ [1465/1564] Built Book2.Prop06.step7_sscebg
✔ [1466/1564] Built Book2.Prop06.step7_foffab
✔ [1467/1564] Built Book2.Prop06.step7_bgdf
✔ [1468/1564] Built Book2.Prop06.step7_hoffdf
✔ [1469/1564] Built Book2.Prop06.step7_foffkm
✔ [1470/1564] Built Book2.Prop06.step7_doffkm
✔ [1471/1564] Built Book2.Prop06.step7_cnsdBG
✔ [1472/1564] Built Book2.Prop06.step7_dnseBG
✔ [1473/1564] Built Book2.Prop06.step7_dhe
✔ [1474/1564] Built Book2.Prop06.step7_dnse
✔ [1475/1564] Built Book2.Prop06.step7_essf
✔ [1476/1564] Built Book2.Prop06.step7_dnsf
✔ [1477/1564] Built Book2.Prop06.step7_dmf
✔ [1478/1564] Built Book2.Prop06.step7_ssdb
✔ [1479/1564] Built Book2.Prop06.step7_sscl
✔ [1480/1564] Built Book2.Prop06.step7_par2
✔ [1481/1564] Built Book2.Prop06.step7_cbhl
✔ [1482/1564] Built Book2.Prop06.step7_hmfg
✔ [1483/1564] Built Book2.Prop06.step9_ssak
✔ [1484/1564] Built Book2.Prop06.step12
✔ [1485/1564] Built Book2.Prop06.step11_dmdb_tri
✔ [1486/1564] Built Book2.Prop06.step13_le_cb
✔ [1487/1564] Built Book2.Prop06.step14
✔ [1488/1564] Built Book3.Prop36.step17_fa
✔ [1489/1564] Built Book2.Prop06.step7_sshl
✔ [1490/1564] Built Book2.Prop06.step7_sshg
✔ [1491/1564] Built Book2.Prop06.step7_par1
✔ [1492/1564] Built Book2.Prop06.step7_lhs
✔ [1493/1564] Built Book2.Prop06.step7_rhs
✔ [1494/1564] Built Book2.Prop06.step8
✔ [1495/1564] Built Book2.Prop06.step9_ampar
✔ [1496/1564] Built Book2.Prop06.step10
✔ [1497/1564] Built Book2.Prop06.step13_par
✔ [1498/1564] Built Book2.Prop06.step15_botpar
✔ [1499/1564] Built Book2.Prop06.step15_lhm
✔ [1500/1564] Built Book2.Prop06.step16
✔ [1501/1564] Built Book2.Prop06.step6_klh
✔ [1502/1564] Built Book2.Prop06.step11_sscm
✔ [1503/1564] Built Book2.Prop06.step11_dmdb_iso
✔ [1504/1564] Built Book2.Prop06.step13_bhg
✔ [1505/1564] Built Book2.Prop06.step6_ssbh
✔ [1506/1564] Built Book2.Prop06.step7_kmef
✔ [1507/1564] Built Book2.Prop06.step7_compl
✔ [1508/1564] Built Book2.Prop06.step9_akdf
✔ [1509/1564] Built Book2.Prop06.step9_ssdm
✔ [1510/1564] Built Book2.Prop06.step9_acd
✔ [1511/1564] Built Book2.Prop06.step9_klm
✔ [1512/1564] Built Book2.Prop06.step11_cle
✔ [1513/1564] Built Book2.Prop06.step11_akm_right
✔ [1514/1564] Built Book2.Prop06.step11_rect
✔ [1515/1564] Built Book2.Prop06.step11_dmdb_corr
✔ [1516/1564] Built Book2.Prop06.step13_lhg_right
✔ [1517/1564] Built Book2.Prop06.step13_rect
✔ [1518/1564] Built Book2.Prop06.step13_lh_cb
✔ [1519/1564] Built Book2.Prop06.step13_cl_bh
✔ [1520/1564] Built Book2.Prop06.step15_sqpar
✔ [1521/1564] Built Book2.Prop06.step15_sqpar_a
✔ [1522/1564] Built Book2.Prop06.step15_egf
✔ [1523/1564] Built Book2.Prop06.step15_decomp
✔ [1524/1564] Built Book2.Prop06.step15_sq
✔ [1525/1564] Built Book3.Prop18.Main
✔ [1526/1564] Built Book3.Prop36.step23_p47
✔ [1527/1564] Built Book2.Prop06.step2
✔ [1528/1564] Built Book2.Prop06.step6_hoffab
✔ [1529/1564] Built Book2.Prop06.step7_ssdc
✔ [1530/1564] Built Book2.Prop06.step6_bgce_ne
✔ [1531/1564] Built Book2.Prop06.step7_boffde
✔ [1532/1564] Built Book2.Prop06.step7_efne
✔ [1533/1564] Built Book2.Prop06.step7_boffce
✔ [1534/1564] Built Book2.Prop06.step9_doffce
✔ [1535/1564] Built Book2.Prop06.step6_sska_aoff
✔ [1536/1564] Built Book3.Prop01.step18
✔ [1537/1564] Built Book2.Prop06.step13_cbh_right
✔ [1538/1564] Built Book2.Prop06.step7_boffdf
✔ [1539/1564] Built Book2.Prop06.step9_aoffdf
✔ [1540/1564] Built Book2.Prop06.step7_coffdf
✔ [1541/1564] Built Book2.Prop06.step11_kac_right
✔ [1542/1564] Built Book3.Prop36.step28
✔ [1543/1564] Built Book3.Prop36.step24
✔ [1544/1564] Built Book3.Prop36.step16
✔ [1545/1564] Built Book3.Prop36.step23
✔ [1546/1564] Built Book3.Prop36.step3
✔ [1547/1564] Built Book2.Prop06.step7_big
✔ [1548/1564] Built Book2.Prop06.step6_sska
✔ [1549/1564] Built Book3.Prop01.Main
✔ [1550/1564] Built Book2.Prop06.step11_bdbh
✔ [1551/1564] Built Book2.Prop06.step11
✔ [1552/1564] Built Book2.Prop06.step7
✔ [1553/1564] Built Book2.Prop06.step9
✔ [1554/1564] Built Book2.Prop06.step6
✔ [1555/1564] Built Book2.Prop06.step15
✔ [1556/1564] Built Book3.Prop03.Main
✔ [1557/1564] Built Book2.Prop06.step11_assumption1
✔ [1558/1564] Built Book3.Prop36.step17_p3
✔ [1559/1564] Built Book2.Prop06.step13
✔ [1560/1564] Built Book3.Prop36.step17
✔ [1561/1564] Built Book2.Prop06.Main
✔ [1562/1564] Built Book3.Prop36.step5
✔ [1563/1564] Built Book3.Prop36.step20
✔ [1564/1564] Built Book3.Prop36.Main
Build completed successfully.
===== mymethod Book3_Prop36 20260722-152107-8c876bd1 -> build Book3.Prop36.Main =====
⚠ [843/1559] Replayed Mathlib.Tactic.Linarith.Verification
warning: cached build log is corrupted: offset 1036: expected end of input
✔ [1519/1559] Built Book3.Prop36.step4
✔ [1520/1559] Built Book3.Prop36.step2
✔ [1521/1559] Built Book3.Prop36.step3
✔ [1522/1559] Built Book3.Prop36.step7
✔ [1523/1559] Built Book3.Prop36.step6
✔ [1524/1559] Built Book3.Prop36.step10
✔ [1525/1559] Built Book3.Prop36.step11
✔ [1526/1559] Built Book3.Prop36.step9
✔ [1527/1559] Built Book3.Prop36.step13
✔ [1528/1559] Built Book3.Prop36.step14
✔ [1529/1559] Built Book3.Prop36.step18
✔ [1530/1559] Built Book3.Prop36.step19
✔ [1531/1559] Built Book3.Prop36.step22
✔ [1532/1559] Built Book3.Prop36.step15
✔ [1533/1559] Built Book3.Prop36.step21
✔ [1534/1559] Built Book3.Prop36.step27
✔ [1535/1559] Built Book3.Prop36.step31
✔ [1536/1559] Built Book3.Prop36.step25
✔ [1537/1559] Built Book3.Prop36.step26
✔ [1538/1559] Built Book3.Prop36.step29
✔ [1539/1559] Built Book3.Prop36.step30
✔ [1540/1559] Built Book3.Prop36.step8_tri
✔ [1541/1559] Built Book3.Prop36.step16
✔ [1542/1559] Built Book3.Prop36.step23_pyth
✔ [1543/1559] Built Book3.Prop36.step24_pyth
✔ [1544/1559] Built Book3.Prop36.step28_pyth
✔ [1545/1559] Built Book3.Prop36.step5
✔ [1546/1559] Built Book3.Prop36.step28_tri
✔ [1547/1559] Built Book3.Prop36.step23_tri
✔ [1548/1559] Built Book3.Prop36.step24_tri
✔ [1549/1559] Built Book3.Prop36.step17_btw_pyth
✔ [1550/1559] Built Book3.Prop36.step24_angle
✔ [1551/1559] Built Book3.Prop36.step20
✔ [1552/1559] Built Book3.Prop36.step17_btw_fne
✔ [1553/1559] Built Book3.Prop36.step8
✔ [1554/1559] Built Book3.Prop36.step28
✔ [1555/1559] Built Book3.Prop36.step23
✔ [1556/1559] Built Book3.Prop36.step24
✔ [1557/1559] Built Book3.Prop36.step17_btw
✔ [1558/1559] Built Book3.Prop36.step17
✔ [1559/1559] Built Book3.Prop36.Main
Build completed successfully.
===== mymethod Book3_Prop36 20260722-191223-95f95271 -> build Book3.Prop36.Main =====
⚠ [843/1551] Replayed Mathlib.Tactic.Linarith.Verification
warning: cached build log is corrupted: offset 1036: expected end of input
✔ [1518/1551] Built Book3.Prop36.step1
✔ [1519/1551] Built Book3.Prop36.step4
✔ [1520/1551] Built Book3.Prop36.step2
✔ [1521/1551] Built Book3.Prop36.step3
✔ [1522/1551] Built Book3.Prop36.step6
✔ [1523/1551] Built Book3.Prop36.step7
✔ [1524/1551] Built Book3.Prop36.step11
✔ [1525/1551] Built Book3.Prop36.step13
✔ [1526/1551] Built Book3.Prop36.step9
✔ [1527/1551] Built Book3.Prop36.step10
✔ [1528/1551] Built Book3.Prop36.step14
✔ [1529/1551] Built Book3.Prop36.step18
✔ [1530/1551] Built Book3.Prop36.step19
✔ [1531/1551] Built Book3.Prop36.step21
✔ [1532/1551] Built Book3.Prop36.step22
✔ [1533/1551] Built Book3.Prop36.step15
✔ [1534/1551] Built Book3.Prop36.step27
✔ [1535/1551] Built Book3.Prop36.step31
✔ [1536/1551] Built Book3.Prop36.step26
✔ [1537/1551] Built Book3.Prop36.step29
✔ [1538/1551] Built Book3.Prop36.step30
✔ [1539/1551] Built Book3.Prop36.step16
✔ [1540/1551] Built Book3.Prop36.step25
✔ [1541/1551] Built Book3.Prop36.step20
✔ [1542/1551] Built Book3.Prop36.step8
✔ [1543/1551] Built Book3.Prop36.step23
✔ [1544/1551] Built Book3.Prop36.step28
✔ [1545/1551] Built Book3.Prop36.step5
✔ [1546/1551] Built Book3.Prop36.step17_af
✔ [1547/1551] Built Book3.Prop36.step24
✔ [1548/1551] Built Book3.Prop36.step17_fin
✔ [1549/1551] Built Book3.Prop36.step17_bet
✔ [1550/1551] Built Book3.Prop36.step17
✔ [1551/1551] Built Book3.Prop36.Main
Build completed successfully.
===== ablated Book1_Prop03 20260719-193910-fab15842 -> build Book1.Prop03.Main =====
✔ [786/819] Built Book1.Prop01.step1
✔ [787/819] Built Book1.Prop01.step3
✔ [788/819] Built Book1.Prop01.step5
✔ [789/819] Built Book1.Prop01.step8
✔ [790/819] Built Book1.Prop01.step10
✔ [791/819] Built Book1.Prop03.step1
✔ [792/819] Built Book1.Prop03.step2
⚠ [793/819] Built Book1.Prop03.step3
warning: ././././Book1/Prop03/step3.lean:6:3: unused variable `h1`
note: this linter can be disabled with `set_option linter.unusedVariables false`
warning: ././././Book1/Prop03/step3.lean:7:3: unused variable `h2`
note: this linter can be disabled with `set_option linter.unusedVariables false`
warning: ././././Book1/Prop03/step3.lean:8:3: unused variable `h3`
note: this linter can be disabled with `set_option linter.unusedVariables false`
✔ [794/819] Built Book1.Prop03.step4
✔ [795/819] Built Book1.Prop03.step5
✔ [796/819] Built Book1.Prop03.step6
✔ [797/819] Built Book1.Prop01.step2
✔ [798/819] Built Book1.Prop01.step4
✔ [799/819] Built Book1.Prop01.step6
✔ [800/819] Built Book1.Prop01.step7
✔ [801/819] Built Book1.Prop01.step9
✔ [802/819] Built Book1.Prop02.step1
✔ [803/819] Built Book1.Prop02.step10
✔ [804/819] Built Book1.Prop02.step13
✔ [805/819] Built Book1.Prop02.step3
✔ [806/819] Built Book1.Prop02.step4
✔ [807/819] Built Book1.Prop02.step5
✔ [808/819] Built Book1.Prop02.step6
✔ [809/819] Built Book1.Prop02.step7
✔ [810/819] Built Book1.Prop02.step8
✔ [811/819] Built Book1.Prop02.step9
✔ [812/819] Built Book1.Prop02.step11
✔ [813/819] Built Book1.Prop02.step12
✔ [814/819] Built Book1.Prop02.step2
✔ [815/819] Built Book1.Prop01.Main
✔ [816/819] Built Book1Variants.Prop01
✔ [817/819] Built Book1.Prop02.Main
✔ [818/819] Built Book1Variants.Prop02
⚠ [819/819] Built Book1.Prop03.Main
warning: ././././Book1/Prop03/Main.lean:30:5: unused variable `step2`
note: this linter can be disabled with `set_option linter.unusedVariables false`
warning: ././././Book1/Prop03/Main.lean:54:5: unused variable `step5`
note: this linter can be disabled with `set_option linter.unusedVariables false`
Build completed successfully.
===== ablated Book1_Prop03 20260719-194334-95d75e25 -> build Book1.Prop03.Main =====
✔ [813/819] Built Book1.Prop03.step2
✔ [814/819] Built Book1.Prop03.step1
✔ [815/819] Built Book1.Prop03.step4
✔ [816/819] Built Book1.Prop03.step6
✔ [817/819] Built Book1.Prop03.step5
⚠ [818/819] Built Book1.Prop03.step3
warning: ././././Book1/Prop03/step3.lean:4:5: unused variable `h1`
note: this linter can be disabled with `set_option linter.unusedVariables false`
warning: ././././Book1/Prop03/step3.lean:4:27: unused variable `h2`
note: this linter can be disabled with `set_option linter.unusedVariables false`
warning: ././././Book1/Prop03/step3.lean:4:49: unused variable `h3`
note: this linter can be disabled with `set_option linter.unusedVariables false`
⚠ [819/819] Built Book1.Prop03.Main
warning: ././././Book1/Prop03/Main.lean:30:5: unused variable `step2`
note: this linter can be disabled with `set_option linter.unusedVariables false`
Build completed successfully.
===== ablated Book1_Prop03 20260719-194714-c7332038 -> build Book1.Prop03.Main =====
✔ [813/819] Built Book1.Prop03.step1
✔ [814/819] Built Book1.Prop03.step4
✔ [815/819] Built Book1.Prop03.step2
⚠ [816/819] Built Book1.Prop03.step3
warning: ././././Book1/Prop03/step3.lean:6:5: unused variable `h1`
note: this linter can be disabled with `set_option linter.unusedVariables false`
warning: ././././Book1/Prop03/step3.lean:6:27: unused variable `h2`
note: this linter can be disabled with `set_option linter.unusedVariables false`
warning: ././././Book1/Prop03/step3.lean:6:49: unused variable `h3`
note: this linter can be disabled with `set_option linter.unusedVariables false`
✔ [817/819] Built Book1.Prop03.step5
✔ [818/819] Built Book1.Prop03.step6
⚠ [819/819] Built Book1.Prop03.Main
warning: ././././Book1/Prop03/Main.lean:30:5: unused variable `step2`
note: this linter can be disabled with `set_option linter.unusedVariables false`
warning: ././././Book1/Prop03/Main.lean:54:5: unused variable `step5`
note: this linter can be disabled with `set_option linter.unusedVariables false`
Build completed successfully.
===== ablated Book1_Prop06 20260719-193910-deed27fd -> build Book1.Prop06.Main =====
✔ [813/844] Built Book1.Prop03.step1
✔ [814/844] Built Book1.Prop03.step2
✔ [815/844] Built Book1.Prop03.step4
✔ [816/844] Built Book1.Prop03.step5
✔ [817/844] Built Book1.Prop03.step3
✔ [818/844] Built Book1.Prop03.step6
✔ [819/844] Built Book1.Prop04.step1
✔ [820/844] Built Book1.Prop04.step4
✔ [821/844] Built Book1.Prop04.step8_assumption1
✔ [822/844] Built Book1.Prop06.step11
✔ [823/844] Built Book1.Prop04.step7
✔ [824/844] Built Book1.Prop04.step10
✔ [825/844] Built Book1.Prop04.step11
✔ [826/844] Built Book1.Prop06.step3
✔ [827/844] Built Book1.Prop06.step4
✔ [828/844] Built Book1.Prop04.step5
✔ [829/844] Built Book1.Prop04.step6
✔ [830/844] Built Book1.Prop04.step9
✔ [831/844] Built Book1.Prop06.step2
⚠ [832/844] Built Book1.Prop06.step6
warning: ././././Book1/Prop06/step6.lean:6:5: unused variable `ha_AB`
note: this linter can be disabled with `set_option linter.unusedVariables false`
warning: ././././Book1/Prop06/step6.lean:6:27: unused variable `hb_AB`
note: this linter can be disabled with `set_option linter.unusedVariables false`
⚠ [833/844] Built Book1.Prop06.step9
warning: ././././Book1/Prop06/step9.lean:6:5: unused variable `ha_AB`
note: this linter can be disabled with `set_option linter.unusedVariables false`
warning: ././././Book1/Prop06/step9.lean:6:27: unused variable `hb_AB`
note: this linter can be disabled with `set_option linter.unusedVariables false`
✔ [834/844] Built Book1.Prop06.step10
⚠ [835/844] Built Book1.Prop06.step5
warning: ././././Book1/Prop06/step5.lean:6:5: unused variable `h1`
note: this linter can be disabled with `set_option linter.unusedVariables false`
✔ [836/844] Built Book1.Prop04.step2
✔ [837/844] Built Book1.Prop04.step3
✔ [838/844] Built Book1.Prop06.step1
✔ [839/844] Built Book1.Prop04.step8
✔ [840/844] Built Book1.Prop03.Main
✔ [841/844] Built Book1.Prop04.Main
✔ [842/844] Built Book1.Prop06.step8
✔ [843/844] Built Book1.Prop06.step7
⚠ [844/844] Built Book1.Prop06.Main
warning: ././././Book1/Prop06/Main.lean:67:9: unused variable `step4`
note: this linter can be disabled with `set_option linter.unusedVariables false`
warning: ././././Book1/Prop06/Main.lean:73:9: unused variable `step5`
note: this linter can be disabled with `set_option linter.unusedVariables false`
warning: ././././Book1/Prop06/Main.lean:94:9: unused variable `step7`
note: this linter can be disabled with `set_option linter.unusedVariables false`
Build completed successfully.
===== ablated Book1_Prop06 20260719-195213-a92accb8 -> build Book1.Prop06.Main =====
⚠ [837/844] Replayed Book1.Prop06.step5
warning: ././././Book1/Prop06/step5.lean:6:5: unused variable `h1`
note: this linter can be disabled with `set_option linter.unusedVariables false`
⚠ [840/844] Built Book1.Prop06.step6
warning: ././././Book1/Prop06/step6.lean:6:5: unused variable `h1`
note: this linter can be disabled with `set_option linter.unusedVariables false`
warning: ././././Book1/Prop06/step6.lean:6:24: unused variable `h2`
note: this linter can be disabled with `set_option linter.unusedVariables false`
⚠ [841/844] Built Book1.Prop06.step9
warning: ././././Book1/Prop06/step9.lean:6:5: unused variable `h1`
note: this linter can be disabled with `set_option linter.unusedVariables false`
warning: ././././Book1/Prop06/step9.lean:6:24: unused variable `h2`
note: this linter can be disabled with `set_option linter.unusedVariables false`
✔ [842/844] Built Book1.Prop06.step7
✔ [843/844] Built Book1.Prop06.step8
⚠ [844/844] Built Book1.Prop06.Main
warning: ././././Book1/Prop06/Main.lean:67:9: unused variable `step4`
note: this linter can be disabled with `set_option linter.unusedVariables false`
warning: ././././Book1/Prop06/Main.lean:94:9: unused variable `step7`
note: this linter can be disabled with `set_option linter.unusedVariables false`
Build completed successfully.
===== ablated Book1_Prop06 20260720-012015-419d0e98 -> build Book1.Prop06.Main =====
⚠ [837/844] Replayed Book1.Prop06.step5
warning: ././././Book1/Prop06/step5.lean:6:5: unused variable `h1`
note: this linter can be disabled with `set_option linter.unusedVariables false`
⚠ [840/844] Built Book1.Prop06.step6
warning: ././././Book1/Prop06/step6.lean:6:5: unused variable `h1`
note: this linter can be disabled with `set_option linter.unusedVariables false`
warning: ././././Book1/Prop06/step6.lean:7:5: unused variable `h2`
note: this linter can be disabled with `set_option linter.unusedVariables false`
warning: ././././Book1/Prop06/step6.lean:8:5: unused variable `h3`
note: this linter can be disabled with `set_option linter.unusedVariables false`
warning: ././././Book1/Prop06/step6.lean:8:24: unused variable `h4`
note: this linter can be disabled with `set_option linter.unusedVariables false`
⚠ [841/844] Built Book1.Prop06.step9
warning: ././././Book1/Prop06/step9.lean:6:5: unused variable `h1`
note: this linter can be disabled with `set_option linter.unusedVariables false`
warning: ././././Book1/Prop06/step9.lean:7:5: unused variable `h2`
note: this linter can be disabled with `set_option linter.unusedVariables false`
warning: ././././Book1/Prop06/step9.lean:9:5: unused variable `h4`
note: this linter can be disabled with `set_option linter.unusedVariables false`
warning: ././././Book1/Prop06/step9.lean:9:24: unused variable `h5`
note: this linter can be disabled with `set_option linter.unusedVariables false`
✔ [842/844] Built Book1.Prop06.step7
✔ [843/844] Built Book1.Prop06.step8
⚠ [844/844] Built Book1.Prop06.Main
warning: ././././Book1/Prop06/Main.lean:67:9: unused variable `step4`
note: this linter can be disabled with `set_option linter.unusedVariables false`
warning: ././././Book1/Prop06/Main.lean:73:9: unused variable `step5`
note: this linter can be disabled with `set_option linter.unusedVariables false`
warning: ././././Book1/Prop06/Main.lean:94:9: unused variable `step7`
note: this linter can be disabled with `set_option linter.unusedVariables false`
Build completed successfully.
===== ablated Book1_Prop12 20260719-193910-80d83b18 -> build Book1.Prop12.Main =====
⚠ [843/945] Replayed Mathlib.Tactic.Linarith.Verification
warning: cached build log is corrupted: offset 1036: expected end of input
✔ [859/945] Built Book1.Prop05.step1
✔ [860/945] Built Book1.Prop05.step2
✔ [861/945] Built Book1.Prop05.step3
✔ [862/945] Built Book1.Prop05.step4
✔ [863/945] Built Book1.Prop05.step5
✔ [864/945] Built Book1.Prop05.step9
✔ [865/945] Built Book1.Prop10.hbet
✔ [866/945] Built Book1.Prop07.step1
✔ [867/945] Built Book1.Prop07.step2
✔ [868/945] Built Book1.Prop09.step1
✔ [869/945] Built Book1.Prop10.step2
✔ [870/945] Built Book1.Prop10.step4
✔ [871/945] Built Book1.Prop10.step5
✔ [872/945] Built Book1.Prop07.step3
✔ [873/945] Built Book1.Prop05.step10
✔ [874/945] Built Book1.Prop05.step12
✔ [875/945] Built Book1.Prop08.step8
✔ [876/945] Built Book1.Prop10.step1
✔ [877/945] Built Book1.Prop10.step6
✔ [878/945] Built Book1.Prop08.step1
✔ [879/945] Built Book1.Prop08.step3
✔ [880/945] Built Book1.Prop12.step2
✔ [881/945] Built Book1.Prop12.step3
✔ [882/945] Built Book1.Prop05.step13
✔ [883/945] Built Book1.Prop07.step5_c2_sumc
✔ [884/945] Built Book1.Prop07.step5_c2_sum
✔ [885/945] Built Book1.Prop07.step5_c2_s5
✔ [886/945] Built Book1.Prop07.step8
✔ [887/945] Built Book1.Prop07.step9
✔ [888/945] Built Book1.Prop08.step4
✔ [889/945] Built Book1.Prop08.step5
✔ [890/945] Built Book1.Prop08.step6
✔ [891/945] Built Book1.Prop08.step9
✔ [892/945] Built Book1.Prop08.step10
✔ [893/945] Built Book1.Prop09.step2
✔ [894/945] Built Book1.Prop09.step5
✔ [895/945] Built Book1.Prop09.step7
✔ [896/945] Built Book1.Prop09.step8
✔ [897/945] Built Book1.Prop12.step1
⚠ [898/945] Built Book1.Prop12.step6
warning: ././././Book1/Prop12/step6.lean:6:30: unused variable `h2`
note: this linter can be disabled with `set_option linter.unusedVariables false`
✔ [899/945] Built Book1.Prop05.step11
✔ [900/945] Built Book1.Prop07.step6
✔ [901/945] Built Book1.Prop09.step3
✔ [902/945] Built Book1.Prop09.step4
✔ [903/945] Built Book1.Prop09.hfa
⚠ [904/945] Built Book1.Prop12.step4
warning: ././././Book1/Prop12/step4.lean:9:5: unused variable `h7`
note: this linter can be disabled with `set_option linter.unusedVariables false`
warning: ././././Book1/Prop12/step4.lean:9:26: unused variable `h8`
note: this linter can be disabled with `set_option linter.unusedVariables false`
warning: ././././Book1/Prop12/step4.lean:9:45: unused variable `h9`
note: this linter can be disabled with `set_option linter.unusedVariables false`
warning: ././././Book1/Prop12/step4.lean:10:5: unused variable `h10`
note: this linter can be disabled with `set_option linter.unusedVariables false`
⚠ [905/945] Built Book1.Prop12.step7
warning: ././././Book1/Prop12/step7.lean:6:5: unused variable `h1`
note: this linter can be disabled with `set_option linter.unusedVariables false`
warning: ././././Book1/Prop12/step7.lean:6:27: unused variable `h2`
note: this linter can be disabled with `set_option linter.unusedVariables false`
warning: ././././Book1/Prop12/step7.lean:6:49: unused variable `h3`
note: this linter can be disabled with `set_option linter.unusedVariables false`
⚠ [906/945] Built Book1.Prop12.step9
warning: ././././Book1/Prop12/step9.lean:6:5: unused variable `h1`
note: this linter can be disabled with `set_option linter.unusedVariables false`
warning: ././././Book1/Prop12/step9.lean:6:26: unused variable `h2`
note: this linter can be disabled with `set_option linter.unusedVariables false`
warning: ././././Book1/Prop12/step9.lean:6:45: unused variable `h3`
note: this linter can be disabled with `set_option linter.unusedVariables false`
⚠ [907/945] Built Book1.Prop12.step10
warning: ././././Book1/Prop12/step10.lean:7:5: unused variable `h2`
note: this linter can be disabled with `set_option linter.unusedVariables false`
warning: ././././Book1/Prop12/step10.lean:7:26: unused variable `h3`
note: this linter can be disabled with `set_option linter.unusedVariables false`
warning: ././././Book1/Prop12/step10.lean:7:45: unused variable `h4`
note: this linter can be disabled with `set_option linter.unusedVariables false`
warning: ././././Book1/Prop12/step10.lean:8:5: unused variable `h5`
note: this linter can be disabled with `set_option linter.unusedVariables false`
warning: ././././Book1/Prop12/step10.lean:8:24: unused variable `h6`
note: this linter can be disabled with `set_option linter.unusedVariables false`
⚠ [908/945] Built Book1.Prop12.step11
warning: ././././Book1/Prop12/step11.lean:7:5: unused variable `h2`
note: this linter can be disabled with `set_option linter.unusedVariables false`
warning: ././././Book1/Prop12/step11.lean:7:24: unused variable `h3`
note: this linter can be disabled with `set_option linter.unusedVariables false`
✔ [909/945] Built Book1.Prop05.step15
✔ [910/945] Built Book1.Prop09.hangle
✔ [911/945] Built Book1.Prop05.step14
✔ [912/945] Built Book1.Prop05.step18
✔ [913/945] Built Book1.Prop05.step19
✔ [914/945] Built Book1.Prop05.step20
✔ [915/945] Built Book1.Prop05.step21
✔ [916/945] Built Book1.Prop05.step22
✔ [917/945] Built Book1.Prop05.step6
✔ [918/945] Built Book1.Prop05.step7
✔ [919/945] Built Book1.Prop05.step8
✔ [920/945] Built Book1.Prop05.step16
✔ [921/945] Built Book1.Prop05.step17
✔ [922/945] Built Book1.Prop05.step23
✔ [923/945] Built Book1.Prop05.Main
✔ [924/945] Built Book1Variants.Prop05
✔ [925/945] Built Book1.Prop07.step4
✔ [926/945] Built Book1.Prop07.step5_c1
✔ [927/945] Built Book1.Prop07.step5_c2_iso
✔ [928/945] Built Book1.Prop07.step7
✔ [929/945] Built Book1.Prop07.step5_c2
✔ [930/945] Built Book1.Prop09.step9_hfab
✔ [931/945] Built Book1.Prop07.step5_c3
✔ [932/945] Built Book1.Prop07.step5_c4
✔ [933/945] Built Book1.Prop07.step5
✔ [934/945] Built Book1.Prop07.Main
✔ [935/945] Built Book1.Prop08.step7
✔ [936/945] Built Book1.Prop08.step2_gd
✔ [937/945] Built Book1.Prop08.step2
✔ [938/945] Built Book1.Prop09.step9_hfac
✔ [939/945] Built Book1.Prop08.Main
✔ [940/945] Built Book1.Prop09.step9
✔ [941/945] Built Book1.Prop12.step8
✔ [942/945] Built Book1.Prop09.Main
✔ [943/945] Built Book1Variants.Prop09
✔ [944/945] Built Book1.Prop10.Main
✔ [945/945] Built Book1.Prop12.Main
Build completed successfully.
===== ablated Book1_Prop12 20260719-194927-a2ebf3b2 -> build Book1.Prop12.Main =====
⚠ [843/945] Replayed Mathlib.Tactic.Linarith.Verification
warning: cached build log is corrupted: offset 1036: expected end of input
⚠ [937/945] Replayed Book1.Prop12.step6
warning: ././././Book1/Prop12/step6.lean:6:30: unused variable `h2`
note: this linter can be disabled with `set_option linter.unusedVariables false`
⚠ [938/945] Replayed Book1.Prop12.step9
warning: ././././Book1/Prop12/step9.lean:6:5: unused variable `h1`
note: this linter can be disabled with `set_option linter.unusedVariables false`
warning: ././././Book1/Prop12/step9.lean:6:26: unused variable `h2`
note: this linter can be disabled with `set_option linter.unusedVariables false`
warning: ././././Book1/Prop12/step9.lean:6:45: unused variable `h3`
note: this linter can be disabled with `set_option linter.unusedVariables false`
✔ [939/945] Built Book1.Prop12.step1
⚠ [940/945] Built Book1.Prop12.step7
warning: ././././Book1/Prop12/step7.lean:6:5: unused variable `h1`
note: this linter can be disabled with `set_option linter.unusedVariables false`
warning: ././././Book1/Prop12/step7.lean:6:27: unused variable `h2`
note: this linter can be disabled with `set_option linter.unusedVariables false`
warning: ././././Book1/Prop12/step7.lean:6:49: unused variable `h3`
note: this linter can be disabled with `set_option linter.unusedVariables false`
⚠ [941/945] Built Book1.Prop12.step10
warning: ././././Book1/Prop12/step10.lean:6:30: unused variable `h2`
note: this linter can be disabled with `set_option linter.unusedVariables false`
warning: ././././Book1/Prop12/step10.lean:7:5: unused variable `h3`
note: this linter can be disabled with `set_option linter.unusedVariables false`
warning: ././././Book1/Prop12/step10.lean:7:24: unused variable `h4`
note: this linter can be disabled with `set_option linter.unusedVariables false`
warning: ././././Book1/Prop12/step10.lean:7:43: unused variable `h5`
note: this linter can be disabled with `set_option linter.unusedVariables false`
⚠ [942/945] Built Book1.Prop12.step4
warning: ././././Book1/Prop12/step4.lean:9:5: unused variable `h7`
note: this linter can be disabled with `set_option linter.unusedVariables false`
warning: ././././Book1/Prop12/step4.lean:9:27: unused variable `h8`
note: this linter can be disabled with `set_option linter.unusedVariables false`
warning: ././././Book1/Prop12/step4.lean:9:46: unused variable `h9`
note: this linter can be disabled with `set_option linter.unusedVariables false`
warning: ././././Book1/Prop12/step4.lean:10:5: unused variable `h10`
note: this linter can be disabled with `set_option linter.unusedVariables false`
⚠ [943/945] Built Book1.Prop12.step8
warning: ././././Book1/Prop12/step8.lean:10:43: unused variable `h9`
note: this linter can be disabled with `set_option linter.unusedVariables false`
warning: ././././Book1/Prop12/step8.lean:11:5: unused variable `h10`
note: this linter can be disabled with `set_option linter.unusedVariables false`
✔ [944/945] Built Book1.Prop12.step11
✔ [945/945] Built Book1.Prop12.Main
Build completed successfully.
===== ablated Book1_Prop12 20260719-200109-fdab2876 -> build Book1.Prop12.Main =====
⚠ [843/945] Replayed Mathlib.Tactic.Linarith.Verification
warning: cached build log is corrupted: offset 1036: expected end of input
⚠ [938/945] Replayed Book1.Prop12.step6
warning: ././././Book1/Prop12/step6.lean:6:30: unused variable `h2`
note: this linter can be disabled with `set_option linter.unusedVariables false`
⚠ [939/945] Built Book1.Prop12.step7
warning: ././././Book1/Prop12/step7.lean:6:5: unused variable `hcen`
note: this linter can be disabled with `set_option linter.unusedVariables false`
warning: ././././Book1/Prop12/step7.lean:6:29: unused variable `hg`
note: this linter can be disabled with `set_option linter.unusedVariables false`
warning: ././././Book1/Prop12/step7.lean:6:51: unused variable `he`
note: this linter can be disabled with `set_option linter.unusedVariables false`
⚠ [940/945] Built Book1.Prop12.step9
warning: ././././Book1/Prop12/step9.lean:6:5: unused variable `he`
note: this linter can be disabled with `set_option linter.unusedVariables false`
warning: ././././Book1/Prop12/step9.lean:6:24: unused variable `hg`
note: this linter can be disabled with `set_option linter.unusedVariables false`
warning: ././././Book1/Prop12/step9.lean:6:43: unused variable `hehg`
note: this linter can be disabled with `set_option linter.unusedVariables false`
⚠ [941/945] Built Book1.Prop12.step10
warning: ././././Book1/Prop12/step10.lean:6:5: unused variable `he`
note: this linter can be disabled with `set_option linter.unusedVariables false`
warning: ././././Book1/Prop12/step10.lean:6:24: unused variable `hg`
note: this linter can be disabled with `set_option linter.unusedVariables false`
warning: ././././Book1/Prop12/step10.lean:6:43: unused variable `hehg`
note: this linter can be disabled with `set_option linter.unusedVariables false`
warning: ././././Book1/Prop12/step10.lean:7:5: unused variable `hc`
note: this linter can be disabled with `set_option linter.unusedVariables false`
⚠ [942/945] Built Book1.Prop12.step4
warning: ././././Book1/Prop12/step4.lean:9:5: unused variable `he`
note: this linter can be disabled with `set_option linter.unusedVariables false`
warning: ././././Book1/Prop12/step4.lean:9:24: unused variable `hg`
note: this linter can be disabled with `set_option linter.unusedVariables false`
warning: ././././Book1/Prop12/step4.lean:9:43: unused variable `hc`
note: this linter can be disabled with `set_option linter.unusedVariables false`
warning: ././././Book1/Prop12/step4.lean:10:5: unused variable `hehg`
note: this linter can be disabled with `set_option linter.unusedVariables false`
⚠ [943/945] Built Book1.Prop12.step8
warning: ././././Book1/Prop12/step8.lean:8:5: unused variable `hehg`
note: this linter can be disabled with `set_option linter.unusedVariables false`
warning: ././././Book1/Prop12/step8.lean:8:28: unused variable `hc`
note: this linter can be disabled with `set_option linter.unusedVariables false`
warning: ././././Book1/Prop12/step8.lean:12:5: unused variable `hgh`
note: this linter can be disabled with `set_option linter.unusedVariables false`
warning: ././././Book1/Prop12/step8.lean:12:31: unused variable `hcg`
note: this linter can be disabled with `set_option linter.unusedVariables false`
✔ [944/945] Built Book1.Prop12.step11
✔ [945/945] Built Book1.Prop12.Main
Build completed successfully.
===== ablated Book1_Prop18 20260719-193910-05682b81 -> build Book1.Prop18.Main =====
⚠ [843/1000] Replayed Mathlib.Tactic.Linarith.Verification
warning: cached build log is corrupted: offset 1036: expected end of input
✔ [935/1000] Built Book1.Prop16.step1
✔ [936/1000] Built Book1.Prop16.step3
✔ [937/1000] Built Book1.Prop16.step5
✔ [938/1000] Built Book1.Prop16.step2
✔ [939/1000] Built Book1.Prop16.step4
✔ [940/1000] Built Book1.Prop16.step6
✔ [941/1000] Built Book1.Prop15.step3
✔ [942/1000] Built Book1.Prop15.step4
✔ [943/1000] Built Book1.Prop15.step5
✔ [944/1000] Built Book1.Prop15.step6
✔ [945/1000] Built Book1.Prop15.h1
✔ [946/1000] Built Book1.Prop15.h2
✔ [947/1000] Built Book1.Prop16.step11
✔ [948/1000] Built Book1.Prop16.step13
✔ [949/1000] Built Book1.Prop16.h1
✔ [950/1000] Built Book1.Prop16.h2
✔ [951/1000] Built Book1.Prop18.step1
⚠ [952/1000] Built Book1.Prop18.step2
warning: ././././Book1/Prop18/step2.lean:7:5: unused variable `h3`
note: this linter can be disabled with `set_option linter.unusedVariables false`
warning: ././././Book1/Prop18/step2.lean:8:5: unused variable `h4`
note: this linter can be disabled with `set_option linter.unusedVariables false`
warning: ././././Book1/Prop18/step2.lean:8:24: unused variable `h5`
note: this linter can be disabled with `set_option linter.unusedVariables false`
warning: ././././Book1/Prop18/step2.lean:9:5: unused variable `h6`
note: this linter can be disabled with `set_option linter.unusedVariables false`
warning: ././././Book1/Prop18/step2.lean:9:24: unused variable `h7`
note: this linter can be disabled with `set_option linter.unusedVariables false`
✔ [953/1000] Built Book1.Prop18.step4
✔ [954/1000] Built Book1.Prop18.step5
✔ [955/1000] Built Book1.Prop18.step6
✔ [956/1000] Built Book1.Prop11.step1
✔ [957/1000] Built Book1.Prop11.step2
✔ [958/1000] Built Book1.Prop11.step3_foff
✔ [959/1000] Built Book1.Prop11.step4
✔ [960/1000] Built Book1.Prop11.step6
✔ [961/1000] Built Book1.Prop11.step7
✔ [962/1000] Built Book1.Prop11.step8_tri2
✔ [963/1000] Built Book1.Prop11.step9
✔ [964/1000] Built Book1.Prop11.step10_foff
✔ [965/1000] Built Book1.Prop11.step11
✔ [966/1000] Built Book1.Prop13.step3
✔ [967/1000] Built Book1.Prop13.step6
✔ [968/1000] Built Book1.Prop13.step7
✔ [969/1000] Built Book1.Prop13.step9
✔ [970/1000] Built Book1.Prop13.step11
✔ [971/1000] Built Book1.Prop11.step8_tri1
✔ [972/1000] Built Book1.Prop11.hperp
✔ [973/1000] Built Book1.Prop13.step1
✔ [974/1000] Built Book1.Prop13.step4
✔ [975/1000] Built Book1.Prop13.step5
✔ [976/1000] Built Book1.Prop13.step8
✔ [977/1000] Built Book1.Prop13.step10
✔ [978/1000] Built Book1.Prop16.step8
✔ [979/1000] Built Book1.Prop11.hfAB
✔ [980/1000] Built Book1.Prop13.step2
✔ [981/1000] Built Book1.Prop13.step12
✔ [982/1000] Built Book1.Prop13.step4_assumption1
✔ [983/1000] Built Book1.Prop16.step9
✔ [984/1000] Built Book1.Prop16.step12
✔ [985/1000] Built Book1.Prop16.step10
✔ [986/1000] Built Book1.Prop11.step8
✔ [987/1000] Built Book1.Prop11.step10
✔ [988/1000] Built Book1.Prop11.step3
✔ [989/1000] Built Book1.Prop11.Main
✔ [990/1000] Built Book1Variants.Prop11
✔ [991/1000] Built Book1.Prop13.Main
✔ [992/1000] Built Book1.Prop15.step1
✔ [993/1000] Built Book1.Prop15.step2
✔ [994/1000] Built Book1.Prop15.step7
✔ [995/1000] Built Book1.Prop15.Main
✔ [996/1000] Built Book1.Prop16.step7
✔ [997/1000] Built Book1.Prop16.step14
✔ [998/1000] Built Book1.Prop16.Main
⚠ [999/1000] Built Book1.Prop18.step3
warning: ././././Book1/Prop18/step3.lean:7:5: unused variable `h1`
note: this linter can be disabled with `set_option linter.unusedVariables false`
warning: ././././Book1/Prop18/step3.lean:7:24: unused variable `h2`
note: this linter can be disabled with `set_option linter.unusedVariables false`
⚠ [1000/1000] Built Book1.Prop18.Main
warning: ././././Book1/Prop18/Main.lean:32:5: unused variable `step2`
note: this linter can be disabled with `set_option linter.unusedVariables false`
Build completed successfully.
===== ablated Book1_Prop18 20260720-055447-eef39810 -> build Book1.Prop18.Main =====
⚠ [843/1000] Replayed Mathlib.Tactic.Linarith.Verification
warning: cached build log is corrupted: offset 1036: expected end of input
⚠ [995/1000] Built Book1.Prop18.step2
warning: ././././Book1/Prop18/step2.lean:6:43: unused variable `h3`
note: this linter can be disabled with `set_option linter.unusedVariables false`
warning: ././././Book1/Prop18/step2.lean:7:5: unused variable `h4`
note: this linter can be disabled with `set_option linter.unusedVariables false`
warning: ././././Book1/Prop18/step2.lean:7:24: unused variable `h5`
note: this linter can be disabled with `set_option linter.unusedVariables false`
✔ [996/1000] Built Book1.Prop18.step5
✔ [997/1000] Built Book1.Prop18.step6
⚠ [998/1000] Built Book1.Prop18.step4
warning: ././././Book1/Prop18/step4.lean:8:5: unused variable `h2`
note: this linter can be disabled with `set_option linter.unusedVariables false`
warning: ././././Book1/Prop18/step4.lean:9:24: unused variable `h4`
note: this linter can be disabled with `set_option linter.unusedVariables false`
⚠ [999/1000] Built Book1.Prop18.step3
warning: ././././Book1/Prop18/step3.lean:7:5: unused variable `h1`
note: this linter can be disabled with `set_option linter.unusedVariables false`
warning: ././././Book1/Prop18/step3.lean:9:24: unused variable `h5`
note: this linter can be disabled with `set_option linter.unusedVariables false`
warning: ././././Book1/Prop18/step3.lean:11:5: unused variable `h8`
note: this linter can be disabled with `set_option linter.unusedVariables false`
warning: ././././Book1/Prop18/step3.lean:11:24: unused variable `h9`
note: this linter can be disabled with `set_option linter.unusedVariables false`
⚠ [1000/1000] Built Book1.Prop18.Main
warning: ././././Book1/Prop18/Main.lean:32:5: unused variable `step2`
note: this linter can be disabled with `set_option linter.unusedVariables false`
Build completed successfully.
===== ablated Book1_Prop18 20260720-214658-df632635 -> build Book1.Prop18.Main =====
⚠ [843/1000] Replayed Mathlib.Tactic.Linarith.Verification
warning: cached build log is corrupted: offset 1036: expected end of input
⚠ [995/1000] Built Book1.Prop18.step2
warning: ././././Book1/Prop18/step2.lean:7:5: unused variable `h3`
note: this linter can be disabled with `set_option linter.unusedVariables false`
warning: ././././Book1/Prop18/step2.lean:7:24: unused variable `h4`
note: this linter can be disabled with `set_option linter.unusedVariables false`
✔ [996/1000] Built Book1.Prop18.step5
✔ [997/1000] Built Book1.Prop18.step6
✔ [998/1000] Built Book1.Prop18.step4
⚠ [999/1000] Built Book1.Prop18.step3
warning: ././././Book1/Prop18/step3.lean:7:5: unused variable `h1`
note: this linter can be disabled with `set_option linter.unusedVariables false`
warning: ././././Book1/Prop18/step3.lean:7:24: unused variable `h2`
note: this linter can be disabled with `set_option linter.unusedVariables false`
⚠ [1000/1000] Built Book1.Prop18.Main
warning: ././././Book1/Prop18/Main.lean:32:5: unused variable `step2`
note: this linter can be disabled with `set_option linter.unusedVariables false`
Build completed successfully.
===== ablated Book1_Prop27 20260719-193910-606bc345 -> build Book1.Prop27.Main =====
⚠ [843/1002] Replayed Mathlib.Tactic.Linarith.Verification
warning: cached build log is corrupted: offset 1036: expected end of input
✔ [994/1002] Built Book1.Prop27.step2
⚠ [995/1002] Built Book1.Prop27.step1
warning: ././././Book1/Prop27/step1.lean:6:5: unused variable `hae1`
note: this linter can be disabled with `set_option linter.unusedVariables false`
warning: ././././Book1/Prop27/step1.lean:6:26: unused variable `hae2`
note: this linter can be disabled with `set_option linter.unusedVariables false`
✔ [996/1002] Built Book1.Prop27.step5
✔ [997/1002] Built Book1.Prop27.step7
✔ [998/1002] Built Book1.Prop27.step8
⚠ [999/1002] Built Book1.Prop27.step3
warning: ././././Book1/Prop27/step3.lean:6:5: unused variable `hae1`
note: this linter can be disabled with `set_option linter.unusedVariables false`
warning: ././././Book1/Prop27/step3.lean:6:26: unused variable `hae2`
note: this linter can be disabled with `set_option linter.unusedVariables false`
⚠ [1000/1002] Built Book1.Prop27.step4
warning: ././././Book1/Prop27/step4.lean:7:5: unused variable `hae1`
note: this linter can be disabled with `set_option linter.unusedVariables false`
⚠ [1001/1002] Built Book1.Prop27.step6
warning: ././././Book1/Prop27/step6.lean:7:5: unused variable `hae1`
note: this linter can be disabled with `set_option linter.unusedVariables false`
⚠ [1002/1002] Built Book1.Prop27.Main
warning: ././././Book1/Prop27/Main.lean:54:7: unused variable `step2`
note: this linter can be disabled with `set_option linter.unusedVariables false`
Build completed successfully.
===== ablated Book3_Prop06 20260722-114102-dcdb22a2 -> build Book3.Prop06.Main =====
✔ [786/794] Built Book3.Prop06.step2
✔ [787/794] Built Book3.Prop06.step1
✔ [788/794] Built Book3.Prop06.step8
✔ [789/794] Built Book3.Prop06.step3
⚠ [790/794] Built Book3.Prop06.step5
warning: ././././Book3/Prop06/step5.lean:6:5: unused variable `h1`
note: this linter can be disabled with `set_option linter.unusedVariables false`
warning: ././././Book3/Prop06/step5.lean:6:27: unused variable `h2`
note: this linter can be disabled with `set_option linter.unusedVariables false`
warning: ././././Book3/Prop06/step5.lean:6:49: unused variable `h3`
note: this linter can be disabled with `set_option linter.unusedVariables false`
✔ [791/794] Built Book3.Prop06.step6
⚠ [792/794] Built Book3.Prop06.step7
warning: ././././Book3/Prop06/step7.lean:6:5: unused variable `h1`
note: this linter can be disabled with `set_option linter.unusedVariables false`
warning: ././././Book3/Prop06/step7.lean:6:27: unused variable `h2`
note: this linter can be disabled with `set_option linter.unusedVariables false`
warning: ././././Book3/Prop06/step7.lean:7:5: unused variable `h3`
note: this linter can be disabled with `set_option linter.unusedVariables false`
warning: ././././Book3/Prop06/step7.lean:7:27: unused variable `h4`
note: this linter can be disabled with `set_option linter.unusedVariables false`
⚠ [793/794] Built Book3.Prop06.step4
warning: ././././Book3/Prop06/step4.lean:6:5: unused variable `h1`
note: this linter can be disabled with `set_option linter.unusedVariables false`
warning: ././././Book3/Prop06/step4.lean:6:27: unused variable `h2`
note: this linter can be disabled with `set_option linter.unusedVariables false`
warning: ././././Book3/Prop06/step4.lean:6:49: unused variable `h3`
note: this linter can be disabled with `set_option linter.unusedVariables false`
⚠ [794/794] Built Book3.Prop06.Main
warning: ././././Book3/Prop06/Main.lean:53:7: unused variable `step3`
note: this linter can be disabled with `set_option linter.unusedVariables false`
Build completed successfully.
===== ablated Book3_Prop06 20260722-115024-1829651c -> build Book3.Prop06.Main =====
⚠ [788/794] Replayed Book3.Prop06.step4
warning: ././././Book3/Prop06/step4.lean:6:5: unused variable `h1`
note: this linter can be disabled with `set_option linter.unusedVariables false`
warning: ././././Book3/Prop06/step4.lean:6:27: unused variable `h2`
note: this linter can be disabled with `set_option linter.unusedVariables false`
warning: ././././Book3/Prop06/step4.lean:6:49: unused variable `h3`
note: this linter can be disabled with `set_option linter.unusedVariables false`
⚠ [789/794] Replayed Book3.Prop06.step5
warning: ././././Book3/Prop06/step5.lean:6:5: unused variable `h1`
note: this linter can be disabled with `set_option linter.unusedVariables false`
warning: ././././Book3/Prop06/step5.lean:6:27: unused variable `h2`
note: this linter can be disabled with `set_option linter.unusedVariables false`
warning: ././././Book3/Prop06/step5.lean:6:49: unused variable `h3`
note: this linter can be disabled with `set_option linter.unusedVariables false`
✔ [790/794] Built Book3.Prop06.step6
✔ [791/794] Built Book3.Prop06.step8
⚠ [792/794] Built Book3.Prop06.step7
warning: ././././Book3/Prop06/step7.lean:6:5: unused variable `h1`
note: this linter can be disabled with `set_option linter.unusedVariables false`
warning: ././././Book3/Prop06/step7.lean:6:27: unused variable `h2`
note: this linter can be disabled with `set_option linter.unusedVariables false`
warning: ././././Book3/Prop06/step7.lean:7:5: unused variable `h3`
note: this linter can be disabled with `set_option linter.unusedVariables false`
warning: ././././Book3/Prop06/step7.lean:7:27: unused variable `h4`
note: this linter can be disabled with `set_option linter.unusedVariables false`
warning: ././././Book3/Prop06/step7.lean:8:5: unused variable `h5`
note: this linter can be disabled with `set_option linter.unusedVariables false`
✔ [793/794] Built Book3.Prop06.step3
⚠ [794/794] Built Book3.Prop06.Main
warning: ././././Book3/Prop06/Main.lean:55:7: unused variable `step3`
note: this linter can be disabled with `set_option linter.unusedVariables false`
Build completed successfully.
===== ablated Book3_Prop06 20260722-115905-d71c8dcf -> build Book3.Prop06.Main =====
⚠ [788/794] Replayed Book3.Prop06.step4
warning: ././././Book3/Prop06/step4.lean:6:5: unused variable `h1`
note: this linter can be disabled with `set_option linter.unusedVariables false`
warning: ././././Book3/Prop06/step4.lean:6:27: unused variable `h2`
note: this linter can be disabled with `set_option linter.unusedVariables false`
warning: ././././Book3/Prop06/step4.lean:6:49: unused variable `h3`
note: this linter can be disabled with `set_option linter.unusedVariables false`
⚠ [789/794] Replayed Book3.Prop06.step5
warning: ././././Book3/Prop06/step5.lean:6:5: unused variable `h1`
note: this linter can be disabled with `set_option linter.unusedVariables false`
warning: ././././Book3/Prop06/step5.lean:6:27: unused variable `h2`
note: this linter can be disabled with `set_option linter.unusedVariables false`
warning: ././././Book3/Prop06/step5.lean:6:49: unused variable `h3`
note: this linter can be disabled with `set_option linter.unusedVariables false`
✔ [790/794] Built Book3.Prop06.step3
✔ [791/794] Built Book3.Prop06.step8
✔ [792/794] Built Book3.Prop06.step6
⚠ [793/794] Built Book3.Prop06.step7
warning: ././././Book3/Prop06/step7.lean:6:5: unused variable `h1`
note: this linter can be disabled with `set_option linter.unusedVariables false`
warning: ././././Book3/Prop06/step7.lean:7:5: unused variable `h2`
note: this linter can be disabled with `set_option linter.unusedVariables false`
warning: ././././Book3/Prop06/step7.lean:7:27: unused variable `h3`
note: this linter can be disabled with `set_option linter.unusedVariables false`
warning: ././././Book3/Prop06/step7.lean:8:5: unused variable `h4`
note: this linter can be disabled with `set_option linter.unusedVariables false`
warning: ././././Book3/Prop06/step7.lean:8:27: unused variable `h5`
note: this linter can be disabled with `set_option linter.unusedVariables false`
⚠ [794/794] Built Book3.Prop06.Main
warning: ././././Book3/Prop06/Main.lean:53:7: unused variable `step3`
note: this linter can be disabled with `set_option linter.unusedVariables false`
Build completed successfully.
